ar_u_token,canonical_input,lemma_ar,lemma_norm,pos,root_norm,ar_u_root,features_json,meta_json,created_at,updated_at
e42c0af2fcf56a3873c9893e22b8e602857b8b626dbde67493cbf3e9766bcbaf,قتره|noun,قَتَرَة,قتره,noun,qtr|قتر,,,"{""source"": ""qul_word_lemma"", ""word_location"": ""80:41:2""}",2026-01-31 13:11:22,
939123eae2e05cd255f9752bea59658bbcbbd1e0b02d87fd36f7a7a76ee9f066,نسب|noun,نَسَب,نسب,noun,nsb|نسب,,,"{""source"": ""qul_word_lemma"", ""word_location"": ""37:158:5""}",2026-01-31 13:11:22,
5586ae3a381bbe21256373b1fed40db4de05f796aaf19d9e567c3f658056623f,حلايل|noun,حَلَٰٓئِل,حلايل,noun,Hll|حلل,,,"{""source"": ""qul_word_lemma"", ""word_location"": ""4:23:37""}",2026-01-31 13:11:22,
b1d462302373d4666ee7bd994ffe068929f248a5da566ba819074082921f30cb,ليت|noun,لَيْت,ليت,noun,,,,"{""source"": ""qul_word_lemma"", ""word_location"": ""69:27:1""}",2026-01-31 13:11:22,
76e673c360f96cf80ce77e0ba9265e8fc2d593d650f4489138f75dd9e1fa93dc,صاحبه|noun,صَٰحِبَة,صاحبه,noun,SHb|صحب,,,"{""source"": ""qul_word_lemma"", ""word_location"": ""70:12:1""}",2026-01-31 13:11:22,
84ef0fa47f26647d7960995d74ca5142df0e66f5462d439fc79dc461877233f7,اسراف|noun,إِسْرَاف,اسراف,noun,srf|سرف,,,"{""source"": ""qul_word_lemma"", ""word_location"": ""3:147:11""}",2026-01-31 13:11:22,
a22c6523438c150bb31d9fef42476985ca247615e5d922952aca347c19cc4f7f,هنالك|noun,هُنَالِك,هنالك,noun,,,,"{""source"": ""qul_word_lemma"", ""word_location"": ""18:44:1""}",2026-01-31 13:11:22,
281645f8b0587b1f7786ec3c8b06e732850ade908c80abd133a959abe1a76b7d,رويد|noun,رُوَيْد,رويد,noun,rwd|رود,,,"{""source"": ""qul_word_lemma"", ""word_location"": ""86:17:4""}",2026-01-31 13:11:22,
88b6758b1e3575e174612f1c3d46cd33ba779ed4400aeb7a5c9a0ef3588afbd8,احصنت|noun,أَحْصَنَتْ,احصنت,noun,HSn|حصن,,,"{""source"": ""qul_word_lemma"", ""word_location"": ""21:91:2""}",2026-01-31 13:11:22,
a5f2a262463b314aa18d59fe4d9bcb9a914191766a5f7d77b303edc59e5cc007,اصحاب|noun,أَصْحَٰب,اصحاب,noun,SHb|صحب,,,"{""source"": ""qul_word_lemma"", ""word_location"": ""56:8:1""}",2026-01-31 13:11:22,
7d94c69612e12f3402bad8533ef98bb362977d45bcd4170f3b94b27cf05c1aea,سفره|noun,سَفَرَة,سفره,noun,sfr|سفر,,,"{""source"": ""qul_word_lemma"", ""word_location"": ""80:15:2""}",2026-01-31 13:11:22,
64f8feac231a4f47bcb74b2973d7ef1f19ea587110037c71950ff780280e432c,قريش|noun,قُرَيْش,قريش,noun,,,,"{""source"": ""qul_word_lemma"", ""word_location"": ""106:1:2""}",2026-01-31 13:11:22,
9539593c7e7b4c4821713e8d48561bb324809eb78596750215faa0f87f7f5f4e,اين|noun,أَيْن,اين,noun,,,,"{""source"": ""qul_word_lemma"", ""word_location"": ""4:78:1""}",2026-01-31 13:11:22,
85e58aef08d57b40d71b96636ce6fb5c46cea2dfb41fdc6f30854ad0b70a0646,سعير|noun,سَعِير,سعير,noun,sEr|سعر,,,"{""source"": ""qul_word_lemma"", ""word_location"": ""84:12:2""}",2026-01-31 13:11:22,
4f150f65cbfcd97dee1f0ccd5ac602dc6fff5129212ad7d1f2535727bab3aa57,ادريس|noun,إِدْرِيس,ادريس,noun,,,,"{""source"": ""qul_word_lemma"", ""word_location"": ""21:85:2""}",2026-01-31 13:11:22,
3514e88e9f5af3c04a5b9a2a05eee5f3b84cd1b1f15d9bfabc31e5fabfef6e90,سعرت|noun,سُعِّرَتْ,سعرت,noun,sEr|سعر,,,"{""source"": ""qul_word_lemma"", ""word_location"": ""81:12:3""}",2026-01-31 13:11:22,
f52189375ab60c86f57b3022df23b9d6d5cda4b11ca949a89613a5f39245d622,عدد|noun,عَدَد,عدد,noun,Edd|عدد,,,"{""source"": ""qul_word_lemma"", ""word_location"": ""23:112:6""}",2026-01-31 13:11:22,
894f86db133d076a789473b81d2ed460c763459dbd6a62e03ca74f5d4c505700,ننكس|noun,نُنَكِّسْ,ننكس,noun,nks|نكس,,,"{""source"": ""qul_word_lemma"", ""word_location"": ""36:68:3""}",2026-01-31 13:11:22,
9e96ea253284824ec54e60f5b92b7581665a33cda4a27309d9d353cd4f434cb2,بيض|noun,بَيْض,بيض,noun,byD|بيض,,,"{""source"": ""qul_word_lemma"", ""word_location"": ""37:49:2""}",2026-01-31 13:11:22,
a6f074a49521e21879151fd73b1769f5321a2dae5be64cb7d09dc1c6a5695daf,تدمير|noun,تَدْمِير,تدمير,noun,dmr|دمر,,,"{""source"": ""qul_word_lemma"", ""word_location"": ""25:36:9""}",2026-01-31 13:11:22,
41fd32ff12417e2ddf3eb1aea245d9a1d092987e72bc2f38bcd6aa2caa96ac09,هارون|noun,هَٰرُون,هارون,noun,,,,"{""source"": ""qul_word_lemma"", ""word_location"": ""20:30:1""}",2026-01-31 13:11:22,
7675a2d3b39e902ad2d0918edbe510c9e8a733be9413743d0edbc07efe2b2f14,مكه|noun,مَكَّة,مكه,noun,,,,"{""source"": ""qul_word_lemma"", ""word_location"": ""48:24:9""}",2026-01-31 13:11:22,
265a87f0b58726842977c93606616c025f54dfbe56339ec0c5633e3d2d90416b,خادع|noun,خَٰدِع,خادع,noun,xdE|خدع,,,"{""source"": ""qul_word_lemma"", ""word_location"": ""4:142:6""}",2026-01-31 13:11:22,
eea68b8e62fafcd74caa64cf6fa5bb67d2bc88dd78f7a84e12745bb4134e161f,بعيد|noun,بَعِيد,بعيد,noun,bEd|بعد,,,"{""source"": ""qul_word_lemma"", ""word_location"": ""70:6:3""}",2026-01-31 13:11:22,
9e3aa582a453c64db5679bd1b4d0057ea874d9419c8bac204993b8c6ad886e25,وحي|noun,وَحْى,وحي,noun,wHy|وحي,,,"{""source"": ""qul_word_lemma"", ""word_location"": ""21:45:4""}",2026-01-31 13:11:22,
1c18c88e9c60938b891fb487f25950a96daff3a9603e1b6ed44262b86d8c8a74,سقر|noun,سَقَر,سقر,noun,,,,"{""source"": ""qul_word_lemma"", ""word_location"": ""74:26:2""}",2026-01-31 13:11:22,
e2c80c64b8e42120387cb6b6047eeb2f8093080c8a0721356380a03f4c0af965,فطر|noun,فَطَرَ,فطر,noun,fTr|فطر,,,"{""source"": ""qul_word_lemma"", ""word_location"": ""43:27:3""}",2026-01-31 13:11:22,
d8743ae4b1bc1bb00df176bdedb17f18b676aaf088503e854d42a5413198f9ca,قص|noun,قَصَّ,قص,noun,qSS|قصص,,,"{""source"": ""qul_word_lemma"", ""word_location"": ""7:7:1""}",2026-01-31 13:11:22,
e8c2799e2df64201638bf9fd790af94febc665cbbb9d55f68e3a7f223c0f529e,نسفت|noun,نُسِفَتْ,نسفت,noun,nsf|نسف,,,"{""source"": ""qul_word_lemma"", ""word_location"": ""77:10:3""}",2026-01-31 13:11:22,
3eb19cecda865599e33d7a1eb3fb87779a508139ea2fb500e965c1dca747f1fd,اسباط|noun,أَسْبَاط,اسباط,noun,sbT|سبط,,,"{""source"": ""qul_word_lemma"", ""word_location"": ""7:160:4""}",2026-01-31 13:11:22,
3dd55267d9186e306e0c92beb4c93a624d0c39afaf138cdc6df8a5803e2b2d01,مرصوص|noun,مَّرْصُوص,مرصوص,noun,rSS|رصص,,,"{""source"": ""qul_word_lemma"", ""word_location"": ""61:4:11""}",2026-01-31 13:11:22,
f27298d12879f56e8f29c93ebf0f7d0fd276a30d3194f453cb631ec32416c2f9,محصنين|noun,مُّحْصِنِين,محصنين,noun,HSn|حصن,,,"{""source"": ""qul_word_lemma"", ""word_location"": ""4:24:19""}",2026-01-31 13:11:22,
a2760cebac3f2e136fae93be0e9b7a7ea099d8a407b393abac1fce085ba0f0e4,قاسيه|noun,قَٰسِيَة,قاسيه,noun,qsw|قسو,,,"{""source"": ""qul_word_lemma"", ""word_location"": ""5:13:7""}",2026-01-31 13:11:22,
edd22104707d5ad2de14851e47c1054114a05b0c0735b8d05a67d444a2f154c1,انفطرت|noun,انفَطَرَتْ,انفطرت,noun,fTr|فطر,,,"{""source"": ""qul_word_lemma"", ""word_location"": ""82:1:3""}",2026-01-31 13:11:22,
76f86b1cd5af9135f4563b6b2afa6d0132a92c0255bc1773fe58d644b1f8ae7a,ابراهيم|noun,إِبْرَاهِيم,ابراهيم,noun,,,,"{""source"": ""qul_word_lemma"", ""word_location"": ""11:76:1""}",2026-01-31 13:11:22,
71a857e62c73bb2cf8a2e02a664a222f7a16dc4c943e965817acf3ed66bed5b1,صايمات|noun,صَّٰٓئِمَٰت,صايمات,noun,Swm|صوم,,,"{""source"": ""qul_word_lemma"", ""word_location"": ""33:35:17""}",2026-01-31 13:11:22,
cee9daf13aca252abfcfc4a5d3f64f9df2890a2ac9aea81ef6d7b416270204af,ساخرين|noun,سَّٰخِرِين,ساخرين,noun,sxr|سخر,,,"{""source"": ""qul_word_lemma"", ""word_location"": ""39:56:14""}",2026-01-31 13:11:22,
4793dfa7b4595dd2fc05b5efba86d9740ea81440b134adf1be96a66157ffcd4b,اللات|noun,اللَّٰت,اللات,noun,,,,"{""source"": ""qul_word_lemma"", ""word_location"": ""53:19:2""}",2026-01-31 13:11:22,
8377037edae9ec176ff07ad7a0a56b1e17360378afa20d12af4f35050f8e8130,حسير|noun,حَسِير,حسير,noun,Hsr|حسر,,,"{""source"": ""qul_word_lemma"", ""word_location"": ""67:4:10""}",2026-01-31 13:11:22,
10f4621a639c4935497cd4d0f20df6748a0363dc19884aa2b9dbeee661871f83,وتر|noun,وَتْر,وتر,noun,wtr|وتر,,,"{""source"": ""qul_word_lemma"", ""word_location"": ""89:3:2""}",2026-01-31 13:11:22,
b66e94e5542ae717bafef9f25ade8261a5d936cf04f0857fd6528ab3a9df6e38,هاتين|noun,هَٰتَيْن,هاتين,noun,,,,"{""source"": ""qul_word_lemma"", ""word_location"": ""28:27:8""}",2026-01-31 13:11:22,
58bff1dd05319d704768aecee7dea73b90035a34cd764c39d94275189b0ebefb,سهول|noun,سُهُول,سهول,noun,shl|سهل,,,"{""source"": ""qul_word_lemma"", ""word_location"": ""7:74:13""}",2026-01-31 13:11:22,
9a44b0499dc134fa978739c31af50a3a1e520c3c64f05544077fe51dc1eb606a,مدحور|noun,مَّدْحُور,مدحور,noun,dHr|دحر,,,"{""source"": ""qul_word_lemma"", ""word_location"": ""7:18:5""}",2026-01-31 13:11:22,
1a7556c08416eac14237669f057147f7ce7a9876e580c09f6ae88d5984f50174,لدي|noun,لَدَي,لدي,noun,,,,"{""source"": ""qul_word_lemma"", ""word_location"": ""73:12:2""}",2026-01-31 13:11:22,
a2dd5c74e380f8d87c9845cd150c293b48e0a747bc1e4d1823cf3c2707660ef2,قارون|noun,قَٰرُون,قارون,noun,,,,"{""source"": ""qul_word_lemma"", ""word_location"": ""29:39:1""}",2026-01-31 13:11:22,
5cb5794a3f8f90514608a11a0533b2c9aac6e35fc208eaa4bd7e2ed3b32c341e,داود|noun,دَاوُد,داود,noun,,,,"{""source"": ""qul_word_lemma"", ""word_location"": ""21:78:1""}",2026-01-31 13:11:22,
991e9e03fb530a84d2aeac364c15f4f4e3f331024d9ebb4783d72e7363c224c8,رواكد|noun,رَوَاكِد,رواكد,noun,rkd|ركد,,,"{""source"": ""qul_word_lemma"", ""word_location"": ""42:33:6""}",2026-01-31 13:11:22,
965e9d69d93883a67224697baafb1a759f13ea66ee9f22f56046c3cadae5c454,لظي|noun,لَظَىٰ,لظي,noun,,,,"{""source"": ""qul_word_lemma"", ""word_location"": ""70:15:3""}",2026-01-31 13:11:22,
f33cc098bbe3cc0b2c5659297ea1d74b98368050f871bf260a566ba3456eb6fb,تابع|noun,تَابِع,تابع,noun,tbE|تبع,,,"{""source"": ""qul_word_lemma"", ""word_location"": ""2:145:13""}",2026-01-31 13:11:22,
71e4495df05b4db94cd8be46fe3826f12a32b1bc05427b38fe2f86b83c432883,تبع|noun,تَبَع,تبع,noun,tbE|تبع,,,"{""source"": ""qul_word_lemma"", ""word_location"": ""14:21:11""}",2026-01-31 13:11:22,
853fae89d43a4945c44f3d3043cc0d64d175ce3bb21a93a8a1bb3dc9d7995f49,يحض|noun,يَحُضُّ,يحض,noun,HDD|حضض,,,"{""source"": ""qul_word_lemma"", ""word_location"": ""69:34:2""}",2026-01-31 13:11:22,
1cc2298387298a9fdac8f41dfe42f6c3528689a08a7a4bfc1f101e75946ead59,من|noun,مِن,من,noun,,,,"{""source"": ""qul_word_lemma"", ""word_location"": ""14:16:1""}",2026-01-31 13:11:22,
e21f9ee7ed63dd4ba477fe5b8c4f0c45853b3dbf2e0227f73eeb977e1d095f4e,مسافحين|noun,مُسَٰفِحِين,مسافحين,noun,sfH|سفح,,,"{""source"": ""qul_word_lemma"", ""word_location"": ""4:24:21""}",2026-01-31 13:11:22,
2409849eaf2253269b678b6e7b971a680b2dac3284ee73785f75d8c29d5c5700,احوي|noun,أَحْوَىٰ,احوي,noun,Hwy|حوي,,,"{""source"": ""qul_word_lemma"", ""word_location"": ""87:5:3""}",2026-01-31 13:11:22,
ce2d5294df4bee7aeae68d13d40636f201addfbb54a07a1663f36b276309cf66,توريه|noun,تَّوْرَىٰة,توريه,noun,,,,"{""source"": ""qul_word_lemma"", ""word_location"": ""5:44:3""}",2026-01-31 13:11:22,
6e9f60ba85c0c3142cb0580b6ba288a69d41f7200fac88d2b5088fd2489570f5,سلوي|noun,سَّلْوَىٰ,سلوي,noun,slw|سلو,,,"{""source"": ""qul_word_lemma"", ""word_location"": ""2:57:7""}",2026-01-31 13:11:22,
1901f433dc30b0ad9187e39112275c661c76a4c58dafbd41f982294552b91683,زيد|noun,زَيْد,زيد,noun,,,,"{""source"": ""qul_word_lemma"", ""word_location"": ""33:37:28""}",2026-01-31 13:11:22,
875518c47a9f25153fea02dec1a712a63a6f8e3d71c62aefef897cf82aa1a698,مهجور|noun,مَهْجُور,مهجور,noun,hjr|هجر,,,"{""source"": ""qul_word_lemma"", ""word_location"": ""25:30:9""}",2026-01-31 13:11:22,
2d14dbbdc9cd6763f030fe165fcec5db8b6af04692a018bec042e780af77bc16,برزخ|noun,بَرْزَخ,برزخ,noun,,,,"{""source"": ""qul_word_lemma"", ""word_location"": ""55:20:2""}",2026-01-31 13:11:22,
2d1024f0e5584ba723d1b03a6a4a6779f61ffed9b3b1b5760757746331369a61,مارد|noun,مَّارِد,مارد,noun,mrd|مرد,,,"{""source"": ""qul_word_lemma"", ""word_location"": ""37:7:5""}",2026-01-31 13:11:22,
0613abb4075d8c90d54a7ce23e857f8ecca40fc8bb8448db5a95320af8ceaa50,ناصر|noun,نَاصِر,ناصر,noun,nSr|نصر,,,"{""source"": ""qul_word_lemma"", ""word_location"": ""86:10:6""}",2026-01-31 13:11:22,
ad1a09ceb1f7112051d6ccfb5e047895ee6f448a93838ee63824580c76cac8e2,ممرد|noun,مُّمَرَّد,ممرد,noun,mrd|مرد,,,"{""source"": ""qul_word_lemma"", ""word_location"": ""27:44:15""}",2026-01-31 13:11:22,
c8a1db8c08446258b235033951d3624e3c6e7d453f287b2d6233e89c9dcc1ca9,ظهيره|noun,ظَّهِيرَة,ظهيره,noun,Zhr|ظهر,,,"{""source"": ""qul_word_lemma"", ""word_location"": ""24:58:23""}",2026-01-31 13:11:22,
083050668daeb2abad9886e382496d1e81fb85bd96cce123973fa841c21e0b6f,هنا|noun,هُنَا,هنا,noun,,,,"{""source"": ""qul_word_lemma"", ""word_location"": ""26:146:4""}",2026-01-31 13:11:22,
270056f11d5a3a083ad6cc51d613335a36b112a32ed6622c9f46a03fd43bed42,تشطط|noun,تُشْطِطْ,تشطط,noun,$TT|شطط,,,"{""source"": ""qul_word_lemma"", ""word_location"": ""38:22:19""}",2026-01-31 13:11:22,
42d26a953135eda830283e9fb09d0658b4e9eb29e615467bd47a61d6b4cd3742,يقتر|noun,يَقْتُرُ,يقتر,noun,qtr|قتر,,,"{""source"": ""qul_word_lemma"", ""word_location"": ""25:67:7""}",2026-01-31 13:11:22,
b9ef27a2d841fb1a73c884ea55980dc1de4e0eadbd47cd641e7aaf648526a35a,قصم|noun,قَصَمْ,قصم,noun,qSm|قصم,,,"{""source"": ""qul_word_lemma"", ""word_location"": ""21:11:2""}",2026-01-31 13:11:22,
9de308a95133f47d44d25c9d04d0daba72eaea4af66d94d18709e6ce149f9cb2,يصل|noun,يَصِلُ,يصل,noun,wSl|وصل,,,"{""source"": ""qul_word_lemma"", ""word_location"": ""13:21:2""}",2026-01-31 13:11:22,
d77c56de788f6ca989d33c1b53ba7134f42667ac841385db10dcf94da15e217e,حطام|noun,حُطَٰم,حطام,noun,HTm|حطم,,,"{""source"": ""qul_word_lemma"", ""word_location"": ""56:65:4""}",2026-01-31 13:11:22,
6f6fac082879560fe35d43d1f03cfd2e182e5d578b586516e819356435fd2a06,ايا|noun,إِيَّا,ايا,noun,,,,"{""source"": ""qul_word_lemma"", ""word_location"": ""1:5:1""}",2026-01-31 13:11:22,
606af52d78cf14eb605affd394a35feee464de9b19a49d1692a690e983638473,تبتيل|noun,تَبْتِيل,تبتيل,noun,btl|بتل,,,"{""source"": ""qul_word_lemma"", ""word_location"": ""73:8:6""}",2026-01-31 13:11:22,
e171206771fc73fc290ed04201fa12b30adaf8490a60f4c36cd6b0b0df256d83,اولاء|noun,أُولَآء,اولاء,noun,,,,"{""source"": ""qul_word_lemma"", ""word_location"": ""3:119:2""}",2026-01-31 13:11:22,
2c3d5c792d90b420e25d540807cb164a3353227144f93467674be1eb30acc1d2,باسره|noun,بَاسِرَة,باسره,noun,bsr|بسر,,,"{""source"": ""qul_word_lemma"", ""word_location"": ""75:24:3""}",2026-01-31 13:11:22,
161d8b9c05cfbae2acca5aaff7b0da6d1450926dd7cd2ad8069fc70fcf426247,سير|noun,سَيْر,سير,noun,syr|سير,,,"{""source"": ""qul_word_lemma"", ""word_location"": ""52:10:3""}",2026-01-31 13:11:22,
37f17893bc241eed1271c3f3fcf9493a2fd18baaf14125a284a4b208062541c4,هاذا|noun,هَٰذَا,هاذا,noun,,,,"{""source"": ""qul_word_lemma"", ""word_location"": ""95:3:1""}",2026-01-31 13:11:22,
003440559b0ac27c91eee5696e40bea6ae42bd60e5cd8155801b36638f132bb6,قتور|noun,قَتُور,قتور,noun,qtr|قتر,,,"{""source"": ""qul_word_lemma"", ""word_location"": ""17:100:14""}",2026-01-31 13:11:22,
78dbc6a1a914d1118349487cc57670fcd7db355b8b2ab2de3e724384ff8be031,مدرار|noun,مِّدْرَار,مدرار,noun,drr|درر,,,"{""source"": ""qul_word_lemma"", ""word_location"": ""71:11:4""}",2026-01-31 13:11:22,
46b95618ebd1b01b067ec9ab2a590fad564e44c11187a03b41bf6215401dbc3f,مسحور|noun,مَّسْحُور,مسحور,noun,sHr|سحر,,,"{""source"": ""qul_word_lemma"", ""word_location"": ""15:15:8""}",2026-01-31 13:11:22,
5335b1a561220ad10a0d674454b80ec7cf771e909b92b42393419bd049f38d20,طل|noun,طَلّ,طل,noun,Tll|طلل,,,"{""source"": ""qul_word_lemma"", ""word_location"": ""2:265:23""}",2026-01-31 13:11:22,
106d674603e979bb1398e633e9a6738810650a38044a06ca846b43fb61de0e34,سخري|noun,سِخْرِيّ,سخري,noun,sxr|سخر,,,"{""source"": ""qul_word_lemma"", ""word_location"": ""23:110:2""}",2026-01-31 13:11:22,
64ddd7b83c4f75e1a17786e277f80777c5bec486ad9befeab2457804972672f3,عضين|noun,عِضِين,عضين,noun,EDw|عضو,,,"{""source"": ""qul_word_lemma"", ""word_location"": ""15:91:4""}",2026-01-31 13:11:22,
dc197ec8f507b8bd8477d068661448166b57d0a31a9a228b3ba10bea4130e998,مفروض|noun,مَّفْرُوض,مفروض,noun,frD|فرض,,,"{""source"": ""qul_word_lemma"", ""word_location"": ""4:118:8""}",2026-01-31 13:11:22,
20d03bf26446ce754c5d96a5dcf4533386aa24d6eda92e53f70010ef5d9d6b26,تبتل|noun,تَبَتَّلْ,تبتل,noun,btl|بتل,,,"{""source"": ""qul_word_lemma"", ""word_location"": ""73:8:4""}",2026-01-31 13:11:22,
c2896f42288d77f1d360b7cdd895a7d0cfec9251423aefa0da1e3572a1eba931,ابسل|noun,أُبْسِلُ,ابسل,noun,bsl|بسل,,,"{""source"": ""qul_word_lemma"", ""word_location"": ""6:70:13""}",2026-01-31 13:11:22,
c712ac41f9bd19e02bc7857fb87092696714a14871816a24943dc22efd969bd6,حصد|noun,حَصَد,حصد,noun,HSd|حصد,,,"{""source"": ""qul_word_lemma"", ""word_location"": ""12:47:7""}",2026-01-31 13:11:22,
377b851062a095e238acf8ca7ef49dac58f393adec10301a51d6cac1c40816fa,فرح|noun,فَرِحَ,فرح,noun,frH|فرح,,,"{""source"": ""qul_word_lemma"", ""word_location"": ""9:81:1""}",2026-01-31 13:11:22,
5edef54557979508146d13e0c81fcc8d8d5bcbbbed56c50c9c3c66216f8a4129,قست|noun,قَسَتْ,قست,noun,qsw|قسو,,,"{""source"": ""qul_word_lemma"", ""word_location"": ""2:74:2""}",2026-01-31 13:11:22,
0e23925fc16ad293720442933cd444201eb0cbbe10b4920c007db25a926d216a,سوف|noun,سَوْف,سوف,noun,,,,"{""source"": ""qul_word_lemma"", ""word_location"": ""93:5:1""}",2026-01-31 13:11:22,
997bb8e195574844c62dca9675ae3ef9c99643d20829438923ff9a4e44064df9,اسرع|noun,أَسْرَع,اسرع,noun,srE|سرع,,,"{""source"": ""qul_word_lemma"", ""word_location"": ""6:62:11""}",2026-01-31 13:11:22,
4aea2fe14c217ca088c0088cbb2ec04bc6f892e2778df1d9f6f6939d2e890a52,يغوث|noun,يَغُوث,يغوث,noun,,,,"{""source"": ""qul_word_lemma"", ""word_location"": ""71:23:11""}",2026-01-31 13:11:22,
d93e3ac97db129a9d676f0f71da1a582f9bfeccef4e6e40828fe93fab141aaf5,حنين|noun,حُنَيْن,حنين,noun,,,,"{""source"": ""qul_word_lemma"", ""word_location"": ""9:25:8""}",2026-01-31 13:11:22,
def36bf2794f9cca680a10c282b2462895d509f4917d652904ab5d7b6cdd54b0,صوت|noun,صَوْت,صوت,noun,Swt|صوت,,,"{""source"": ""qul_word_lemma"", ""word_location"": ""49:3:4""}",2026-01-31 13:11:22,
5da0f49b7532cfd06d11f21b84d2bb59b2d4e5dcc25fb0855d519ed7fa6db8b0,اولايك|noun,أُولَٰٓئِك,اولايك,noun,,,,"{""source"": ""qul_word_lemma"", ""word_location"": ""3:87:1""}",2026-01-31 13:11:22,
5e11bd0138a2311d35bd96067aa4fcd85aecd50bc3cf9c0d1651668db862e9f8,قد|noun,قَد,قد,noun,,,,"{""source"": ""qul_word_lemma"", ""word_location"": ""7:10:1""}",2026-01-31 13:11:22,
f6707c5f90140916b7301a52a7ceb0b9b7f62285cf08e5e6e6edf6dca2b91582,سدره|noun,سِدْرَة,سدره,noun,sdr|سدر,,,"{""source"": ""qul_word_lemma"", ""word_location"": ""53:14:2""}",2026-01-31 13:11:22,
82f82f7d89dbf9c9c7a98e65f6ced5bb8abe8f6c8e504bda4cc3098deffe13fa,سبحان|noun,سُبْحَٰن,سبحان,noun,sbH|سبح,,,"{""source"": ""qul_word_lemma"", ""word_location"": ""37:159:1""}",2026-01-31 13:11:22,
6757197d53d664823deffd2f9dc7658c181075124495f88d3c0f76ba05a824fd,ابتر|noun,أَبْتَر,ابتر,noun,btr|بتر,,,"{""source"": ""qul_word_lemma"", ""word_location"": ""108:3:4""}",2026-01-31 13:11:22,
e3b36328572e0fb6b2acae1e027a9e12abd1301e527e4f8aed2afd8afbf12470,عادين|noun,عَآدِّين,عادين,noun,Edd|عدد,,,"{""source"": ""qul_word_lemma"", ""word_location"": ""23:113:8""}",2026-01-31 13:11:22,
2d1fcb705a83fde741d09d29eb0118b7518e2377bbc20b9d3e662fb167b783e8,صفا|noun,صَّفَا,صفا,noun,,,,"{""source"": ""qul_word_lemma"", ""word_location"": ""2:158:2""}",2026-01-31 13:11:22,
b95dcca076817b0002d477bbfe0eed975c215fd6b526bed8ca82d4ab97dc3de9,ابيض|noun,أَبْيَض,ابيض,noun,byD|بيض,,,"{""source"": ""qul_word_lemma"", ""word_location"": ""37:46:1""}",2026-01-31 13:11:22,
6116db218465e93928d717fe1ab37514b63863c1919c02fd7c53eae8af7f1d28,صعيد|noun,صَعِيد,صعيد,noun,SEd|صعد,,,"{""source"": ""qul_word_lemma"", ""word_location"": ""18:8:5""}",2026-01-31 13:11:22,
4dec96237c19020301e6b01e9ace81c5e210f0c8228a41502237eddc4c7f75a9,سدر|noun,سِدْر,سدر,noun,sdr|سدر,,,"{""source"": ""qul_word_lemma"", ""word_location"": ""56:28:2""}",2026-01-31 13:11:22,
ef2261b78ea34603a098b01a276d3f009b3491f558fd0a034ad38d6769d28dd4,مسافحات|noun,مُسَٰفِحَٰت,مسافحات,noun,sfH|سفح,,,"{""source"": ""qul_word_lemma"", ""word_location"": ""4:25:31""}",2026-01-31 13:11:22,
ed4e700f2f4ae62b9b09793e57d3fb6246afd5bb8a722d8455fcf13c28da92f7,صهر|noun,صِهْر,صهر,noun,Shr|صهر,,,"{""source"": ""qul_word_lemma"", ""word_location"": ""25:54:9""}",2026-01-31 13:11:22,
2abee8fd2a7b51a44ccc8e34a0b004906b888bff740d952d2a011df34c72191c,ناصيه|noun,نَاصِيَة,ناصيه,noun,nSy|نصي,,,"{""source"": ""qul_word_lemma"", ""word_location"": ""96:16:1""}",2026-01-31 13:11:22,
a545c5c57ce66a51ce8dea7ebd3d1d3f96039feb3e0552f91d0577a490d090cd,طامه|noun,طَّآمَّة,طامه,noun,Tmm|طمم,,,"{""source"": ""qul_word_lemma"", ""word_location"": ""79:34:3""}",2026-01-31 13:11:22,
651798669f4e5530e2032ae30efa935689506361e8f534258c82cc6b83f4c21d,حصاد|noun,حَصَاد,حصاد,noun,HSd|حصد,,,"{""source"": ""qul_word_lemma"", ""word_location"": ""6:141:25""}",2026-01-31 13:11:22,
9e1da4a2af80b62185ca5ba8c99c9122657f6c59a3ca255ea58f64f183ac637a,يعقوب|noun,يَعْقُوب,يعقوب,noun,,,,"{""source"": ""qul_word_lemma"", ""word_location"": ""29:27:4""}",2026-01-31 13:11:22,
1af6819128d72b3787bf68a90926642d48a6b8c2f7f5e84eacbc9608d4e628ca,حاد|noun,حَآدَّ,حاد,noun,Hdd|حدد,,,"{""source"": ""qul_word_lemma"", ""word_location"": ""9:63:5""}",2026-01-31 13:11:22,
eedfe9885b1c55354cc0d2f0fe249ad406fd681ec3f133231c1469bfc99bddec,يصم|noun,يَصُمْ,يصم,noun,Swm|صوم,,,"{""source"": ""qul_word_lemma"", ""word_location"": ""2:185:17""}",2026-01-31 13:11:22,
a8a1fccd0335e0492d97c692b4b79afcc14d11249fdc4f9e1eba3028aef57554,وصل|noun,وَصَّلْ,وصل,noun,wSl|وصل,,,"{""source"": ""qul_word_lemma"", ""word_location"": ""28:51:2""}",2026-01-31 13:11:22,
2b9639317a5dcbbf70b6de4b05aa76d758971477f751fc51ca986094cfde6f99,ظهر|noun,ظَهَرَ,ظهر,noun,Zhr|ظهر,,,"{""source"": ""qul_word_lemma"", ""word_location"": ""30:41:1""}",2026-01-31 13:11:22,
17c71db1de8c8e018750bada5c65fce35df9967fa6154d85e9f0ed19cd191a35,ثبط|noun,ثَبَّطَ,ثبط,noun,vbT|ثبط,,,"{""source"": ""qul_word_lemma"", ""word_location"": ""9:46:11""}",2026-01-31 13:11:22,
75e4d77c72fcc339e0ad73969875b304e1d9deceea859cfba7d9a19f030bfe6d,حلل|noun,حَلَلْ,حلل,noun,Hll|حلل,,,"{""source"": ""qul_word_lemma"", ""word_location"": ""20:27:1""}",2026-01-31 13:11:22,
d5c63d0c00d2d8c0859f62fa5f5595a894502beaac35f50b16facfe6da49ffb0,تستتر|noun,تَسْتَتِرُ,تستتر,noun,str|ستر,,,"{""source"": ""qul_word_lemma"", ""word_location"": ""41:22:3""}",2026-01-31 13:11:22,
9d8fea783328fd2d8798c8ec6686d78955fb37491f7b08009d703522062e9b8c,سفه|noun,سَفِهَ,سفه,noun,sfh|سفه,,,"{""source"": ""qul_word_lemma"", ""word_location"": ""2:130:8""}",2026-01-31 13:11:22,
ec2d3af353ec43a6abbf0b78b4d184d501d8553b1cb40e6194f7a58e24993755,صلب|noun,صَلَبُ,صلب,noun,Slb|صلب,,,"{""source"": ""qul_word_lemma"", ""word_location"": ""12:41:10""}",2026-01-31 13:11:22,
6840595df550e1a668453aac973f1f86421551ff8372caae77aac044f4db1521,اعتل|noun,اعْتِلُ,اعتل,noun,Etl|عتل,,,"{""source"": ""qul_word_lemma"", ""word_location"": ""44:47:2""}",2026-01-31 13:11:22,
f738e0d48ffff68bdb33889406c353b4c138498ecdb0b93cffb71b847eca9222,عن|noun,عَن,عن,noun,,,,"{""source"": ""qul_word_lemma"", ""word_location"": ""78:2:1""}",2026-01-31 13:11:22,
5333f7a458bd20ee97855ec0f2d560f08daa52f7c021fcab4d6037ff995fa7fa,ينقض|noun,يَنقَضَّ,ينقض,noun,qDD|قضض,,,"{""source"": ""qul_word_lemma"", ""word_location"": ""18:77:17""}",2026-01-31 13:11:22,
958e0ea462813db014796c236875778be4c6dbf7734e3cf88c54ccbcd062ab96,الهم|noun,أَلْهَمَ,الهم,noun,lhm|لهم,,,"{""source"": ""qul_word_lemma"", ""word_location"": ""91:8:1""}",2026-01-31 13:11:22,
9772512283d5ed5c5e50e8f9f37aec43fb8b83e3dfc3b05af11d199373873215,يتر|noun,يَتِرَ,يتر,noun,wtr|وتر,,,"{""source"": ""qul_word_lemma"", ""word_location"": ""47:35:11""}",2026-01-31 13:11:22,
e2ea4312b2831df2e4cf842c98d8aff64d69ca8bc4c8e06161d8a1b145707cc1,اذا|noun,إِذًا,اذا,noun,,,,"{""source"": ""qul_word_lemma"", ""word_location"": ""4:67:1""}",2026-01-31 13:11:22,
8b753d5fb808aff26f3ff336194b40b9fcd2347b9b9a5fb0b57c175e3a836215,اسر|noun,أَسْر,اسر,noun,Asr|اسر,,,"{""source"": ""qul_word_lemma"", ""word_location"": ""76:28:4""}",2026-01-31 13:11:22,
86f5f548781cd6f098a91585192e4a87b025e2ed0d0baad32d8ff2ba40be826d,فرعون|noun,فِرْعَوْن,فرعون,noun,,,,"{""source"": ""qul_word_lemma"", ""word_location"": ""85:18:1""}",2026-01-31 13:11:22,
fd18236d322a5f2fbb6ac4d9b1ee6d18757b604077e00399e80203bf992cb4eb,حور|noun,حُور,حور,noun,Hwr|حور,,,"{""source"": ""qul_word_lemma"", ""word_location"": ""56:22:1""}",2026-01-31 13:11:22,
5ac6b8f92e81f36c2e1630b7ded554f9952a88d0221f705b8d758f875d08ad48,هرب|noun,هَرَب,هرب,noun,hrb|هرب,,,"{""source"": ""qul_word_lemma"", ""word_location"": ""72:12:11""}",2026-01-31 13:11:22,
f2bd8e87f4e25d9a9c07552a500c2ce615b878bb08e5087d269dbc224e95dda4,اسفر|noun,أَسْفَرَ,اسفر,noun,sfr|سفر,,,"{""source"": ""qul_word_lemma"", ""word_location"": ""74:34:3""}",2026-01-31 13:11:22,
fb5037b54d8bc969fc1f468baaf3387acf781e6ae92664fe8985c1881ff11031,علي|noun,عَلَىٰ,علي,noun,,,,"{""source"": ""qul_word_lemma"", ""word_location"": ""56:15:1""}",2026-01-31 13:11:22,
8059214eef4a0a9c3fa204b1ecbd79d562b83bad8659fb037671fd808403aad0,اما|noun,إِمَّا,اما,noun,,,,"{""source"": ""qul_word_lemma"", ""word_location"": ""43:41:1""}",2026-01-31 13:11:22,
383359c48abd608e3314f3775f99c702b428eeec8cd094e166d0b165dccae295,فرات|noun,فُرَات,فرات,noun,frt|فرت,,,"{""source"": ""qul_word_lemma"", ""word_location"": ""35:12:6""}",2026-01-31 13:11:22,
6bda6447d2d27ff3227a398938ab2a5e728da293d936cc7f45af1753a521b3dd,سريع|noun,سَرِيع,سريع,noun,srE|سرع,,,"{""source"": ""qul_word_lemma"", ""word_location"": ""2:202:7""}",2026-01-31 13:11:22,
1adc2a688d7d9c812380fcc366fd85c919589c10c15ad1e3678fe346d6254cd1,حتي|noun,حَتَّىٰ,حتي,noun,,,,"{""source"": ""qul_word_lemma"", ""word_location"": ""18:90:1""}",2026-01-31 13:11:22,
93bed07cff8504e536b83200532ab940ecdf5ebeb680b88022b19111dfd3e453,سر|noun,سِرّ,سر,noun,srr|سرر,,,"{""source"": ""qul_word_lemma"", ""word_location"": ""25:6:5""}",2026-01-31 13:11:22,
47758bdbecdd6bb3f65c411e59f19a0d9df7b74d9ba4da3b9344ff547e02a3f2,خمسين|noun,خَمْسِين,خمسين,noun,xms|خمس,,,"{""source"": ""qul_word_lemma"", ""word_location"": ""70:4:9""}",2026-01-31 13:11:22,
e1a6041794de712a13e7fc6f4e1e5c3b32fa2abf79277bc6682f8a22fd8125eb,ذالك|noun,ذَٰلِك,ذالك,noun,,,,"{""source"": ""qul_word_lemma"", ""word_location"": ""65:5:1""}",2026-01-31 13:11:22,
5b293678bae94d7d34d888503d065193c5c6c1762cbfe3374a5ab1092408755b,عده|noun,عِدَّة,عده,noun,Edd|عدد,,,"{""source"": ""qul_word_lemma"", ""word_location"": ""9:36:2""}",2026-01-31 13:11:22,
b618873d9cf79739c4c57114257798d1e582b4b29c0476972a4bd0e7e7bb8cdb,ابيضت|noun,ابْيَضَّتْ,ابيضت,noun,byD|بيض,,,"{""source"": ""qul_word_lemma"", ""word_location"": ""3:106:2""}",2026-01-31 13:11:22,
8070d73d517e9e6531d6822842c12f5597656a91dd46e5de64926ecc28cca3f3,ظلل|noun,ظَلَّلْ,ظلل,noun,Zll|ظلل,,,"{""source"": ""qul_word_lemma"", ""word_location"": ""2:57:1""}",2026-01-31 13:11:22,
a4be96a0da6031b812e2991a29d4f9f1a428c14cb37542d56afe7623357a89f3,عد|noun,عَدَّ,عد,noun,Edd|عدد,,,"{""source"": ""qul_word_lemma"", ""word_location"": ""16:18:2""}",2026-01-31 13:11:22,
846af99ac8d4d3d1545237a355efee80c6c0db13f85bbd2c631f456edbd781de,استنصر|noun,اسْتَنصَرَ,استنصر,noun,nSr|نصر,,,"{""source"": ""qul_word_lemma"", ""word_location"": ""28:18:8""}",2026-01-31 13:11:22,
861aefad3cfe5bbf1047db1d28edda7522b8c1d475c7a055baba2159e9b3fb6a,هضم|noun,هَضْم,هضم,noun,hDm|هضم,,,"{""source"": ""qul_word_lemma"", ""word_location"": ""20:112:11""}",2026-01-31 13:11:22,
6e6509e45f368f1a4a796d571ff214c40a4a6d62f92274e11d2f26d7ffc29d55,هضيم|noun,هَضِيم,هضيم,noun,hDm|هضم,,,"{""source"": ""qul_word_lemma"", ""word_location"": ""26:148:4""}",2026-01-31 13:11:22,
25f07dc1e1047ab0db05ed00d63e098632bfd970c657b8ee3211381954eb48b8,بكه|noun,بَكَّة,بكه,noun,,,,"{""source"": ""qul_word_lemma"", ""word_location"": ""3:96:7""}",2026-01-31 13:11:22,
2ce89478f4a953619904d455681218e7875bd7b0cfbb076b95010f0b7c854a00,يقطين|noun,يَقْطِين,يقطين,noun,,,,"{""source"": ""qul_word_lemma"", ""word_location"": ""37:146:5""}",2026-01-31 13:11:22,
db7a61aee929b5f58e9eed5bf41275fce6409ceaef0b95dd92adb2a65dd4c744,اصنام|noun,أَصْنَام,اصنام,noun,Snm|صنم,,,"{""source"": ""qul_word_lemma"", ""word_location"": ""21:57:3""}",2026-01-31 13:11:22,
6678a881c1d56f59675fa34c5c9fd85f0d695d61be2e4d08539089efa231d3de,ظاهره|noun,ظَٰهِرَة,ظاهره,noun,Zhr|ظهر,,,"{""source"": ""qul_word_lemma"", ""word_location"": ""34:18:9""}",2026-01-31 13:11:22,
20df3fe3f7385ffc89312965c856c164630daeb1ac84e103290f6069167fb191,ذانك|noun,ذَٰنِك,ذانك,noun,,,,"{""source"": ""qul_word_lemma"", ""word_location"": ""28:32:15""}",2026-01-31 13:11:22,
805c74c043c388d82a1f00ecc57b7e3238b7d95dffdfd7fcecb2614d6b66a173,طرف|noun,طَرَف,طرف,noun,Trf|طرف,,,"{""source"": ""qul_word_lemma"", ""word_location"": ""3:127:2""}",2026-01-31 13:11:22,
9f2b1a775dd4755e375ef127d12408059b4176bff6d01fe4856d0734bf9fc96b,ازلام|noun,أَزْلَٰم,ازلام,noun,zlm|زلم,,,"{""source"": ""qul_word_lemma"", ""word_location"": ""5:90:8""}",2026-01-31 13:11:22,
2f03266893f56e015f1c02689bf28be729b48856e1bbd6025275bb5b082085da,اراد|noun,أَرَادَ,اراد,noun,rwd|رود,,,"{""source"": ""qul_word_lemma"", ""word_location"": ""61:8:1""}",2026-01-31 13:11:22,
8a08378be3c7c99cda41efe4f69b60392fb2f01e00b59d48faba4a56ca182815,انحر|noun,انْحَرْ,انحر,noun,nHr|نحر,,,"{""source"": ""qul_word_lemma"", ""word_location"": ""108:2:3""}",2026-01-31 13:11:22,
4a0ccdd29ccf9751150ec138bdff6676e62a01ee140b3df5d555f965f2dc2786,قتر|noun,قَتَر,قتر,noun,qtr|قتر,,,"{""source"": ""qul_word_lemma"", ""word_location"": ""10:26:8""}",2026-01-31 13:11:22,
3268b62cd640b4518742753ebf9bcb3bb2c772f58143d7e2adcb1d38f04daea8,تحاض|noun,تَحَٰٓضُّ,تحاض,noun,HDD|حضض,,,"{""source"": ""qul_word_lemma"", ""word_location"": ""89:18:2""}",2026-01-31 13:11:22,
2d0f5130a026913069fa28ccf64c2ca741bb1c02944308248ef4e0a911f17e67,صعد|noun,صَعَد,صعد,noun,SEd|صعد,,,"{""source"": ""qul_word_lemma"", ""word_location"": ""72:17:10""}",2026-01-31 13:11:22,
a1bd98f960e9d2b39ae80190b430141100b3be7b32316eb8ac02aabd7d4993d6,محال|noun,مِحَال,محال,noun,mHl|محل,,,"{""source"": ""qul_word_lemma"", ""word_location"": ""13:13:19""}",2026-01-31 13:11:22,
03410cd865fc5cfa593f1c4fb15ef9c62c1841aaa7011ff9168e8509969c442d,قنوط|noun,قَنُوط,قنوط,noun,qnT|قنط,,,"{""source"": ""qul_word_lemma"", ""word_location"": ""41:49:11""}",2026-01-31 13:11:22,
bed148798cd7ca393e61bae4aa2f40259c95ce98238b64f39c4b478c657b7c09,هامده|noun,هَامِدَة,هامده,noun,hmd|همد,,,"{""source"": ""qul_word_lemma"", ""word_location"": ""22:5:58""}",2026-01-31 13:11:22,
ff06ecb04c919c5f45fe30aec4aa06e1b88eaba2e4845738013dbb1586d6a255,ظليل|noun,ظَلِيل,ظليل,noun,Zll|ظلل,,,"{""source"": ""qul_word_lemma"", ""word_location"": ""77:31:2""}",2026-01-31 13:11:22,
235c81dc44993e225f22eafc7009a4ecb30e56dc1e060aa5fc80f8e314e06bb1,سور|noun,سُور,سور,noun,swr|سور,,,"{""source"": ""qul_word_lemma"", ""word_location"": ""57:13:18""}",2026-01-31 13:11:22,
800825c0bbca15ec3e04bbd99371bbcfa3fe7f87e192dd2e720f1e68774730a7,ستر|noun,سِتْر,ستر,noun,str|ستر,,,"{""source"": ""qul_word_lemma"", ""word_location"": ""18:90:15""}",2026-01-31 13:11:22,
0925e1b86b2b58110850c74c4e0cff4c21ca8af9f50431e8e5490603fc250f17,طور|noun,طُور,طور,noun,Twr|طور,,,"{""source"": ""qul_word_lemma"", ""word_location"": ""52:1:1""}",2026-01-31 13:11:22,
91b17080c4a302b0a66e7a4d859093817ad37cc86b9fa58177a2e325dd0a28dd,محيط|noun,مُحِيط,محيط,noun,HwT|حوط,,,"{""source"": ""qul_word_lemma"", ""word_location"": ""85:20:4""}",2026-01-31 13:11:22,
c76775e6be92747db004880680c867b5815e7813096dd442b0c85ef21281ec93,بسر|noun,بَسَرَ,بسر,noun,bsr|بسر,,,"{""source"": ""qul_word_lemma"", ""word_location"": ""74:22:3""}",2026-01-31 13:11:22,
bec81777f727ecac8ab909958cbe1d1f9da4c0cd6591d45f74138b2129d3f927,سراء|noun,سَّرَّآء,سراء,noun,srr|سرر,,,"{""source"": ""qul_word_lemma"", ""word_location"": ""3:134:4""}",2026-01-31 13:11:22,
4e6e04fcf65add61c994a79cb60a87e837400cee8ddd2dcf57771114b8e6d328,ماذا|noun,مَاذَا,ماذا,noun,,,,"{""source"": ""qul_word_lemma"", ""word_location"": ""4:39:1""}",2026-01-31 13:11:22,
274ddf0f4f9165493c1cd1c3d9ec1fe4e5ceca8846ce8281adeda057ae968bc2,يثرب|noun,يَثْرِب,يثرب,noun,,,,"{""source"": ""qul_word_lemma"", ""word_location"": ""33:13:6""}",2026-01-31 13:11:22,
8176d6b543a07426c1b65ba1da82d99af021db7292a4b58cac2ee23583c882e5,معصيت|noun,مَعْصِيَت,معصيت,noun,ESy|عصي,,,"{""source"": ""qul_word_lemma"", ""word_location"": ""58:9:10""}",2026-01-31 13:11:22,
d7795e3ce984ef74fa89cd953c9dff604dc8c38d5f67c899200dc56079cec745,تحاور|noun,تَحَاوُر,تحاور,noun,Hwr|حور,,,"{""source"": ""qul_word_lemma"", ""word_location"": ""58:1:14""}",2026-01-31 13:11:22,
2134f04283e5a225745af4daf3864b29a62ada507afa844e30bfccdac627d40c,ظل|noun,ظَلَّ,ظل,noun,Zll|ظلل,,,"{""source"": ""qul_word_lemma"", ""word_location"": ""26:71:4""}",2026-01-31 13:11:22,
f935d8dead4d3b42ba078d309c1ce754d5cb9835825d323245a4229ada4934b0,ثمود|noun,ثَمُود,ثمود,noun,,,,"{""source"": ""qul_word_lemma"", ""word_location"": ""89:9:1""}",2026-01-31 13:11:22,
d09d157f1d9b859c38b46aa248c7d020f13023747d66f3afada9f54502f368de,تحله|noun,تَحِلَّة,تحله,noun,Hll|حلل,,,"{""source"": ""qul_word_lemma"", ""word_location"": ""66:2:5""}",2026-01-31 13:11:22,
4c62285191753ec556c631cfc2906626e8095216ed120db672cfc2c7f6c34644,سرور|noun,سُرُور,سرور,noun,srr|سرر,,,"{""source"": ""qul_word_lemma"", ""word_location"": ""76:11:8""}",2026-01-31 13:11:22,
70b29882e36c3fb7cbd2f8a820ab3f60057d5543c93c465ede2bf4ceccf25c8f,ميكيل|noun,مِيكَىٰل,ميكيل,noun,,,,"{""source"": ""qul_word_lemma"", ""word_location"": ""2:98:8""}",2026-01-31 13:11:22,
c647af0d4a82579965b001388b48987886541c83252a14a22de15dd3505f4cab,سحر|noun,سَحَر,سحر,noun,sHr|سحر,,,"{""source"": ""qul_word_lemma"", ""word_location"": ""51:18:1""}",2026-01-31 13:11:22,
49cafa88aa3e590c33f74ef7136b24a5e40953bf1ae4aad439b4fa2e0ec0e9f8,متتابعين|noun,مُتَتَابِعَيْن,متتابعين,noun,tbE|تبع,,,"{""source"": ""qul_word_lemma"", ""word_location"": ""58:4:6""}",2026-01-31 13:11:22,
4ba366fb985a4f06b10ec7955311d31db220e8c72661dbeb56440058c22e74fd,ذا|noun,ذَا,ذا,noun,,,,"{""source"": ""qul_word_lemma"", ""word_location"": ""21:87:1""}",2026-01-31 13:11:22,
afbe4e9c566250ee764b53274a190322eebb834d0eaf6b8a8b05be76f30099f3,حديد|noun,حَدِيد,حديد,noun,Hdd|حدد,,,"{""source"": ""qul_word_lemma"", ""word_location"": ""18:96:3""}",2026-01-31 13:11:22,
48ec059aed49140a575bda6d5186731c54c40f065f487303436aac6dd2858143,لعل|noun,لَّعَلّ,لعل,noun,,,,"{""source"": ""qul_word_lemma"", ""word_location"": ""23:100:1""}",2026-01-31 13:11:22,
fe131cf21ceba7aed33b852de5e50cf23060670b39974c87bff85f1763dca660,صايمين|noun,صَّٰٓئِمِين,صايمين,noun,Swm|صوم,,,"{""source"": ""qul_word_lemma"", ""word_location"": ""33:35:16""}",2026-01-31 13:11:22,
fdbbbd11e8d6b55ae8fbd1ea0982b8731ac82b61d61089c360fb3873a5f4dc1f,ماروت|noun,مَٰرُوت,ماروت,noun,,,,"{""source"": ""qul_word_lemma"", ""word_location"": ""2:102:23""}",2026-01-31 13:11:22,
bcddd48b5c2bf0c9a6ccf58c6df57b70b0ecd743d128d9406e9902a67458d60a,نسف|noun,نَسْف,نسف,noun,nsf|نسف,,,"{""source"": ""qul_word_lemma"", ""word_location"": ""20:105:7""}",2026-01-31 13:11:22,
10f95c7b18fee3e8b93de7f675b629622d5c1aa90fc4ca055ce2372b06f1891c,وصيله|noun,وَصِيلَة,وصيله,noun,wSl|وصل,,,"{""source"": ""qul_word_lemma"", ""word_location"": ""5:103:9""}",2026-01-31 13:11:22,
880c1e7242179e91aaf342b8b8d73c242af749adefe7987294cd53c1a792e622,مريد|noun,مَّرِيد,مريد,noun,mrd|مرد,,,"{""source"": ""qul_word_lemma"", ""word_location"": ""4:117:11""}",2026-01-31 13:11:22,
b43c96352485b2d67b45fb29ab3e167d526538e4caa64faf45aa95568dc8be76,اوحي|noun,أَوْحَىٰٓ,اوحي,noun,wHy|وحي,,,"{""source"": ""qul_word_lemma"", ""word_location"": ""7:117:1""}",2026-01-31 13:11:22,
19396dd1ef2b2b4a6244fb4306bc005f3fa2531c0095360a36c329a96973d11a,يوفض|noun,يُوفِضُ,يوفض,noun,wfD|وفض,,,"{""source"": ""qul_word_lemma"", ""word_location"": ""70:43:9""}",2026-01-31 13:11:22,
d5c3d94b4fb74f6add5c9d3cc075460d0dcc7ff786b8dd3924e2a9ea7f3bb92d,ان|noun,أَن,ان,noun,,,,"{""source"": ""qul_word_lemma"", ""word_location"": ""26:17:1""}",2026-01-31 13:11:22,
f6093a4e2f8e8dc51cca8e6abb95d6c3f2148f69665d650da25a0ac313bfb119,جهنم|noun,جَهَنَّم,جهنم,noun,,,,"{""source"": ""qul_word_lemma"", ""word_location"": ""14:29:1""}",2026-01-31 13:11:22,
afb0b388f02380ea61f90e4416bcbab45c159ac7a4ae1822072e09677a5dac05,مبعدون|noun,مُبْعَدُون,مبعدون,noun,bEd|بعد,,,"{""source"": ""qul_word_lemma"", ""word_location"": ""21:101:9""}",2026-01-31 13:11:22,
c4bb3e99e41f0934a15ef8b1bb8d39cf91ade8a23dac2a7fd57f7b8c38d81330,هل|noun,هَل,هل,noun,,,,"{""source"": ""qul_word_lemma"", ""word_location"": ""51:24:1""}",2026-01-31 13:11:22,
a21e32b47e032e2c11f2da74d6fdaa0f264c8a7e6edd379d4ef4f715469abfb5,فظ|noun,فَظّ,فظ,noun,fZZ|فظظ,,,"{""source"": ""qul_word_lemma"", ""word_location"": ""3:159:9""}",2026-01-31 13:11:22,
d03b605aba2e085269261b1c4cb2b9d66a3cd2c20f2d5f8e9596753ddc359c52,صعود|noun,صَعُود,صعود,noun,SEd|صعد,,,"{""source"": ""qul_word_lemma"", ""word_location"": ""74:17:2""}",2026-01-31 13:11:22,
f6d0f23fbd6df2dce03efa0f3caac666d5252c82275a3a714a1c0c290564fe49,اي|noun,إِى,اي,noun,,,,"{""source"": ""qul_word_lemma"", ""word_location"": ""10:53:5""}",2026-01-31 13:11:22,
cb1bb0afb5cb6a43ec9296cc1fefbeda350facace9e540bf963c9ad5fa760a2a,شطط|noun,شَطَط,شطط,noun,$TT|شطط,,,"{""source"": ""qul_word_lemma"", ""word_location"": ""72:4:7""}",2026-01-31 13:11:22,
2fdf550af68dbb8b3639e9e7883bdfd230b6f4542535bf0cfb339c470fc58056,ظله|noun,ظُلَّة,ظله,noun,Zll|ظلل,,,"{""source"": ""qul_word_lemma"", ""word_location"": ""31:32:4""}",2026-01-31 13:11:22,
5ac683d1748050b85f4e2690b746d401d50bac95c5938cfc396010f08f50c37f,رحبت|noun,رَحُبَتْ,رحبت,noun,rHb|رحب,,,"{""source"": ""qul_word_lemma"", ""word_location"": ""9:118:11""}",2026-01-31 13:11:22,
29c5d16447a242cedc2b18ba84844fdedf7f1c5a2c112ca2416cc07a5380339e,سرح|noun,سَرِّحُ,سرح,noun,srH|سرح,,,"{""source"": ""qul_word_lemma"", ""word_location"": ""2:231:9""}",2026-01-31 13:11:22,
7f987e8947a3f2bbdf0160695aa4d5c9038af97706efc3dd305f97fca1331940,لقمان|noun,لُقْمَٰن,لقمان,noun,,,,"{""source"": ""qul_word_lemma"", ""word_location"": ""31:13:3""}",2026-01-31 13:11:22,
591986d317d0cf85504c50f7479cd961c725109b65f7c57827718d0a524d196f,خمس|noun,خُمُس,خمس,noun,xms|خمس,,,"{""source"": ""qul_word_lemma"", ""word_location"": ""8:41:8""}",2026-01-31 13:11:22,
27cbf581db5fb60cab0bf482827e61b0406db6ca2f20b29924df071b2c7d5bd4,سيناء|noun,سَيْنَآء,سيناء,noun,,,,"{""source"": ""qul_word_lemma"", ""word_location"": ""23:20:5""}",2026-01-31 13:11:22,
30c36d45b8957daaa4a35692bf61e01f2211ddd9460f9cfc11b237eb0e1e8b95,نصير|noun,نَصِير,نصير,noun,nSr|نصر,,,"{""source"": ""qul_word_lemma"", ""word_location"": ""61:14:5""}",2026-01-31 13:11:22,
c187ea08029f2e8790b91c75d4c42730d0eb3e5a5c5732929852afdd6cf0b098,ظاهر|noun,ظَٰهِر,ظاهر,noun,Zhr|ظهر,,,"{""source"": ""qul_word_lemma"", ""word_location"": ""6:120:2""}",2026-01-31 13:11:22,
b314f95e2ff1c87d0913bf109120609a1749de4fca06cd1b4d83a09754c6bea6,ادم|noun,آدَم,ادم,noun,,,,"{""source"": ""qul_word_lemma"", ""word_location"": ""7:19:1""}",2026-01-31 13:11:22,
7f76171a08a3b05632e2cba649dbb741b8e061d6dab960aa1abe79539bdf631a,يونس|noun,يُونُس,يونس,noun,,,,"{""source"": ""qul_word_lemma"", ""word_location"": ""37:139:2""}",2026-01-31 13:11:22,
54fe1c3b67c830dfad4f192ab09239790fd0e0f3214c31e094e9344224a36c4e,ياجوج|noun,يَأْجُوج,ياجوج,noun,,,,"{""source"": ""qul_word_lemma"", ""word_location"": ""21:96:4""}",2026-01-31 13:11:22,
a2aba8bae0a37e24c89f5eab12cd3a0085ce5feca2df5a3d2890f60624957b9a,حظ|noun,حَظّ,حظ,noun,HZZ|حظظ,,,"{""source"": ""qul_word_lemma"", ""word_location"": ""4:11:7""}",2026-01-31 13:11:22,
7d9d91aa48e65cd6de5e1c3877ea426c1add63cb6854e7cb9512d91535e58570,صيحب|noun,صَىٰحِب,صيحب,noun,SHb|صحب,,,"{""source"": ""qul_word_lemma"", ""word_location"": ""12:41:1""}",2026-01-31 13:11:22,
d10f98d1daac84bf067f7f800d2ebd3749a020df82278cd8d462fd1e744cd2d8,تلكم|noun,تِلْكُم,تلكم,noun,,,,"{""source"": ""qul_word_lemma"", ""word_location"": ""7:22:20""}",2026-01-31 13:11:22,
25c32134723102b71aa417d5157583f28a9a8a3af6a6af9198835d49849d55c4,محل|noun,مَحِلّ,محل,noun,Hll|حلل,,,"{""source"": ""qul_word_lemma"", ""word_location"": ""22:33:8""}",2026-01-31 13:11:22,
fb9da9785513141d59be9db8a68423e98ea5b1aa33c55e5c48274b39920c7e71,مخضود|noun,مَّخْضُود,مخضود,noun,xDd|خضد,,,"{""source"": ""qul_word_lemma"", ""word_location"": ""56:28:3""}",2026-01-31 13:11:22,
48ee9015b6cf1444e2940108693d476bec9cb3139611e1fcde9e98dc10c5e0bd,سار|noun,سَارَ,سار,noun,syr|سير,,,"{""source"": ""qul_word_lemma"", ""word_location"": ""52:10:1""}",2026-01-31 13:11:22,
5786c6a1900fb201a356343dadaee230385002935e7ec30b7c2d1556b7f1c7c5,سراح|noun,سَرَاح,سراح,noun,srH|سرح,,,"{""source"": ""qul_word_lemma"", ""word_location"": ""33:28:14""}",2026-01-31 13:11:22,
e5fcade304e2cb486639448b491526011e1cdef662d94bfa3d3759e4dfc38d60,محسور|noun,مَّحْسُور,محسور,noun,Hsr|حسر,,,"{""source"": ""qul_word_lemma"", ""word_location"": ""17:29:13""}",2026-01-31 13:11:22,
39c74a7a282063730f69f649f739b3bd37531bfe30972825ea7df68688bf9ade,احل|noun,أَحَلَّ,احل,noun,Hll|حلل,,,"{""source"": ""qul_word_lemma"", ""word_location"": ""2:187:1""}",2026-01-31 13:11:22,
43008852fbc5439095d197e2d695b6dd5c7cdfff7886e20cc45ad0f34a9f6060,الا|noun,أَلَآ,الا,noun,,,,"{""source"": ""qul_word_lemma"", ""word_location"": ""10:62:1""}",2026-01-31 13:11:22,
019d79c0a1b44e7894d64114193ef2f76f8d568d84fee605698f7da10caf0dfd,اتبع|noun,اتَّبَعَ,اتبع,noun,tbE|تبع,,,"{""source"": ""qul_word_lemma"", ""word_location"": ""10:109:1""}",2026-01-31 13:11:22,
06c3151737bff4462f22de85d9783b4f8e5753fc997aa45e096815433d43c775,يسبح|noun,يَسْبَحُ,يسبح,noun,sbH|سبح,,,"{""source"": ""qul_word_lemma"", ""word_location"": ""21:33:11""}",2026-01-31 13:11:22,
280b4fe13a666484de7fd4c3bcfd5bcdd10e3b82edd4d94d9b78d176cb980741,سخر|noun,سَخَّرَ,سخر,noun,sxr|سخر,,,"{""source"": ""qul_word_lemma"", ""word_location"": ""45:13:1""}",2026-01-31 13:11:22,
be3b6285e1cf3e52f4c99145e1ac60fd1d2a720a8fdc4ce9bc4454b263876fe0,يصعد|noun,يَصَّعَّدُ,يصعد,noun,SEd|صعد,,,"{""source"": ""qul_word_lemma"", ""word_location"": ""6:125:18""}",2026-01-31 13:11:22,
139208779f9975124db7fba4c6d5789262cfde336baf30548170380801f05439,اظفر|noun,أَظْفَرَ,اظفر,noun,Zfr|ظفر,,,"{""source"": ""qul_word_lemma"", ""word_location"": ""48:24:13""}",2026-01-31 13:11:22,
d985d85137baf903fb1210d899ea87e2b25cac5be27fc3d384bf07dc1ba5b8c4,نوح|noun,نُوح,نوح,noun,,,,"{""source"": ""qul_word_lemma"", ""word_location"": ""21:76:1""}",2026-01-31 13:11:22,
f1ce58fee8eaa9d70af310b9640fdf50564941e422fa43cf6e85bf97c39d412a,ساعه|noun,سَاعَة,ساعه,noun,swE|سوع,,,"{""source"": ""qul_word_lemma"", ""word_location"": ""54:1:2""}",2026-01-31 13:11:22,
6dd381b0216746844baddd4b18adced33dbc2dece54047a019eb5d11a7e03f35,عزير|noun,عُزَيْر,عزير,noun,,,,"{""source"": ""qul_word_lemma"", ""word_location"": ""9:30:3""}",2026-01-31 13:11:22,
36d8227601d6e630d5c6167782331c66357305fc93b7133060555453cc3a6c19,تحصن|noun,تَحَصُّن,تحصن,noun,HSn|حصن,,,"{""source"": ""qul_word_lemma"", ""word_location"": ""24:33:35""}",2026-01-31 13:11:22,
cbb046e02e80d11712e593b9a33caaee60f85d133aa9b5bde9c211bebfc2273f,سراير|noun,سَّرَآئِر,سراير,noun,srr|سرر,,,"{""source"": ""qul_word_lemma"", ""word_location"": ""86:9:3""}",2026-01-31 13:11:22,
3ffaeb0a271457f9674cb629104c57cd2440c5712060e9a2bbb4d61ddcfb2e51,عسر|noun,عَسِر,عسر,noun,Esr|عسر,,,"{""source"": ""qul_word_lemma"", ""word_location"": ""54:8:8""}",2026-01-31 13:11:22,
f299fd3c360abdd18472a9797565f8658b0a566e6a46cc152a854adf49562579,مريم|noun,مَرْيَم,مريم,noun,,,,"{""source"": ""qul_word_lemma"", ""word_location"": ""66:12:1""}",2026-01-31 13:11:22,
48722191135d8d18e4a46c9c337fba284c41c2b9e43ca7eb770aeb372a48a334,سدي|noun,سُدًى,سدي,noun,sdy|سدي,,,"{""source"": ""qul_word_lemma"", ""word_location"": ""75:36:5""}",2026-01-31 13:11:22,
d9a35f88f6e1ab4dbffa1c8efc836fea1775c07284f9f866f859d067a7c7b11c,مهاجرات|noun,مُهَٰجِرَٰت,مهاجرات,noun,hjr|هجر,,,"{""source"": ""qul_word_lemma"", ""word_location"": ""60:10:7""}",2026-01-31 13:11:22,
3ad103f31f92960b1d53f8ebc647e6f4646c76806e68e4ecc3a031ff3a7891ca,سفيه|noun,سَفِيه,سفيه,noun,sfh|سفه,,,"{""source"": ""qul_word_lemma"", ""word_location"": ""2:142:2""}",2026-01-31 13:11:22,
793f6d257f56d93840718c86b909898ec32eda3f38c9781c1380150c38c5492c,الاـي|noun,الَّٰٓـِٔى,الاـي,noun,,,,"{""source"": ""qul_word_lemma"", ""word_location"": ""65:4:1""}",2026-01-31 13:11:22,
cef439612c52405c3055a43232cb25f895a4543041841ede14e606ab2e0fb8f7,حصيد|noun,حَصِيد,حصيد,noun,HSd|حصد,,,"{""source"": ""qul_word_lemma"", ""word_location"": ""21:15:7""}",2026-01-31 13:11:22,
8726fb754730c75e62ce8b44d05d76b45c84f52965b280375e73c214fabda5f1,مسحرين|noun,مُسَحَّرِين,مسحرين,noun,sHr|سحر,,,"{""source"": ""qul_word_lemma"", ""word_location"": ""26:153:5""}",2026-01-31 13:11:22,
da36afc4bb01fbb701c63ea685d4c4ab530f3eab6daedecfab5f25c096462e8d,يحور|noun,يَحُورَ,يحور,noun,Hwr|حور,,,"{""source"": ""qul_word_lemma"", ""word_location"": ""84:14:5""}",2026-01-31 13:11:22,
e6370c716b06eefc06bb6cac4b96b7987c9689a404c4f530d8fbc7b19cfb47be,تسور|noun,تَسَوَّرُ,تسور,noun,swr|سور,,,"{""source"": ""qul_word_lemma"", ""word_location"": ""38:21:6""}",2026-01-31 13:11:22,
19cbdac3537392bed90a8b5d1dbbbc0f5edab90a6108ff7a7539f897212b79e2,يصلب|noun,يُصَلَّبُ,يصلب,noun,Slb|صلب,,,"{""source"": ""qul_word_lemma"", ""word_location"": ""7:124:7""}",2026-01-31 13:11:22,
38fcf5c66a503be5204cdf5a900bdf0d0d8ad3818de9552846fa0cd1a843f990,عصا|noun,عَصَا,عصا,noun,ESy|عصي,,,"{""source"": ""qul_word_lemma"", ""word_location"": ""73:16:1""}",2026-01-31 13:11:22,
5ee0dc8904acad2233a3163518bf1577bf7f26b99c342ce71198f8c09c264875,اهجر|noun,اهْجُرْ,اهجر,noun,hjr|هجر,,,"{""source"": ""qul_word_lemma"", ""word_location"": ""74:5:2""}",2026-01-31 13:11:22,
212745243acc26df8d73e67e969dfa8fdf2a00174a251c29214cd43625ee692d,هاجر|noun,هَاجَرَ,هاجر,noun,hjr|هجر,,,"{""source"": ""qul_word_lemma"", ""word_location"": ""4:100:2""}",2026-01-31 13:11:22,
ab5703c0b7ddf76962b44677dea58024d766910974b131e4db670bce4492de35,مسخر|noun,مُسَخَّر,مسخر,noun,sxr|سخر,,,"{""source"": ""qul_word_lemma"", ""word_location"": ""2:164:37""}",2026-01-31 13:11:22,
725eb2fbcafcd53de12f80349b5ffc940ed99653870e3ca34f4f1c9edec9d44d,دحور|noun,دُحُور,دحور,noun,dHr|دحر,,,"{""source"": ""qul_word_lemma"", ""word_location"": ""37:9:1""}",2026-01-31 13:11:22,
e80df7bc33e56b756316d30f37fe4edd7f38241904efb465a67978ed44208079,نضيد|noun,نَّضِيد,نضيد,noun,nDd|نضد,,,"{""source"": ""qul_word_lemma"", ""word_location"": ""50:10:5""}",2026-01-31 13:11:22,
bb9dc8b12b14d8a4f535c30927d01fb2a0876aaf3dae227ebe444c61bfca1f60,يوسف|noun,يُوسُف,يوسف,noun,,,,"{""source"": ""qul_word_lemma"", ""word_location"": ""12:29:1""}",2026-01-31 13:11:22,
19518a41a546ffda90406966ea4c4804e82078aba0045a8170bc0d6d7181734c,يعوق|noun,يَعُوق,يعوق,noun,,,,"{""source"": ""qul_word_lemma"", ""word_location"": ""71:23:12""}",2026-01-31 13:11:22,
902bea04734f09abfb4defb22a93feaaaf3d98bd7c094d21c17eb77f72c96227,حرد|noun,حَرْد,حرد,noun,Hrd|حرد,,,"{""source"": ""qul_word_lemma"", ""word_location"": ""68:25:3""}",2026-01-31 13:11:22,
8af2dc546cb2ebf2bd6b1bd98cbf545971ff89879676fe7b5e2183ab0110b672,احاط|noun,أَحَاطَ,احاط,noun,HwT|حوط,,,"{""source"": ""qul_word_lemma"", ""word_location"": ""18:42:1""}",2026-01-31 13:11:22,
00588ae6031bae5ee84c15b1bb7b9e71a4e90576b244d7d018d3d15b9c53804e,راود|noun,رَٰوَدُ,راود,noun,rwd|رود,,,"{""source"": ""qul_word_lemma"", ""word_location"": ""12:23:1""}",2026-01-31 13:11:22,
9ba8285a97ea423c6b1f2430234cc82fe5ebd0a782cf548242aaa1298c477671,هاوم|noun,هَآؤُم,هاوم,noun,,,,"{""source"": ""qul_word_lemma"", ""word_location"": ""69:19:7""}",2026-01-31 13:11:22,
f9d1feb096428973a4d838e7abd9cf56ba8ec467facee00a35fdfdb460f58804,طين|noun,طِين,طين,noun,Tyn|طين,,,"{""source"": ""qul_word_lemma"", ""word_location"": ""6:2:5""}",2026-01-31 13:11:22,
410fa72fa6aefa114c6766b462c50c1c54e91ab172327293e99b1b9d36fb5ce6,صيام|noun,صِيَام,صيام,noun,Swm|صوم,,,"{""source"": ""qul_word_lemma"", ""word_location"": ""2:187:4""}",2026-01-31 13:11:22,
c7819a160a94ef2a5535e4104cb85290dcd77aa3ad441c3a090c4f9e9ce3625c,شعيب|noun,شُعَيْب,شعيب,noun,,,,"{""source"": ""qul_word_lemma"", ""word_location"": ""11:87:2""}",2026-01-31 13:11:22,
47dc30fd85711b5e48d76d07ea2910fdb47fc981b9a87527397b39621d331a4d,مهما|noun,مَهْمَا,مهما,noun,,,,"{""source"": ""qul_word_lemma"", ""word_location"": ""7:132:2""}",2026-01-31 13:11:22,
2585083f11c168cc62ed4474cbe7b5bda173402b43b171b3efb7c198b7117cff,هاكذا|noun,هَٰكَذَا,هاكذا,noun,,,,"{""source"": ""qul_word_lemma"", ""word_location"": ""27:42:4""}",2026-01-31 13:11:22,
97376f6a0cc633ece0be34912b8dbd93cc5b0e0fbae0a5df073179f135a63fbd,جحد|noun,جَحَدُ,جحد,noun,jHd|جحد,,,"{""source"": ""qul_word_lemma"", ""word_location"": ""27:14:1""}",2026-01-31 13:11:22,
1a4bcc73cbdd4f89551d216692899a9cd9d04ac4040340b1f9a2b14e660de21d,اعطي|noun,أَعْطَىٰ,اعطي,noun,ETw|عطو,,,"{""source"": ""qul_word_lemma"", ""word_location"": ""53:34:1""}",2026-01-31 13:11:22,
7cc2033e260a557ab8ccf98825b39eff81c72faebcd50d9e0a71a64ca71000af,ودع|noun,وَدَّعَ,ودع,noun,wdE|ودع,,,"{""source"": ""qul_word_lemma"", ""word_location"": ""93:3:2""}",2026-01-31 13:11:22,
869a8f32cce24ed819101738b00463b3502ca2e92a2c816180924ed709354870,هامان|noun,هَٰمَٰن,هامان,noun,,,,"{""source"": ""qul_word_lemma"", ""word_location"": ""40:36:3""}",2026-01-31 13:11:22,
f98bcbc188150812edd7e4f22c02c1802395b7f7a03796b08f323cb846bc5da3,رهق|noun,رَهَق,رهق,noun,rhq|رهق,,,"{""source"": ""qul_word_lemma"", ""word_location"": ""72:6:11""}",2026-01-31 13:11:22,
f59bf29722bca50af2c318893d5e649376f6b4a9ad073548d6e59a81fe8b8b50,عطاء|noun,عَطَآء,عطاء,noun,ETw|عطو,,,"{""source"": ""qul_word_lemma"", ""word_location"": ""38:39:2""}",2026-01-31 13:11:22,
79a946d2bcc1b672de639b09c946a96bebbf6c02f97483c4875924a3c8f84ad9,اساور|noun,أَسَاوِر,اساور,noun,swr|سور,,,"{""source"": ""qul_word_lemma"", ""word_location"": ""43:53:4""}",2026-01-31 13:11:22,
15968ef20c3b1065756d893fee5c832455ee11612da81e1aaf11311d183fe7cf,ويكان|noun,وَيْكَأَنّ,ويكان,noun,,,,"{""source"": ""qul_word_lemma"", ""word_location"": ""28:82:7""}",2026-01-31 13:11:22,
6f788582c64f0c9df28a9a06207e036dd6d9f26ed285bf6a8ee53bc6da7d8139,زكريا|noun,زَكَرِيَّا,زكريا,noun,,,,"{""source"": ""qul_word_lemma"", ""word_location"": ""21:89:1""}",2026-01-31 13:11:22,
907adb3cb5448da1a70161a0e7eb2bce24fd4ffe36f07b5619b247b0eb2dd256,بلي|noun,بَلَىٰ,بلي,noun,,,,"{""source"": ""qul_word_lemma"", ""word_location"": ""75:4:1""}",2026-01-31 13:11:22,
487c1a0852262468fef16bab2264d3dddd578c5dbf32e2457a6ef24daa0aec4d,صوامع|noun,صَوَٰمِع,صوامع,noun,SmE|صمع,,,"{""source"": ""qul_word_lemma"", ""word_location"": ""22:40:19""}",2026-01-31 13:11:22,
38d37219671436d021e9d05467e4eb8632b2afd3b2a7ffafbd259b9e0052259e,اتباع|noun,اتِّبَاع,اتباع,noun,tbE|تبع,,,"{""source"": ""qul_word_lemma"", ""word_location"": ""2:178:21""}",2026-01-31 13:11:22,
9d28489904036e0c8740a72ca100f73df03e34236dd113d8dc124f4c73ccdb95,يسارع|noun,يُسَٰرِعُ,يسارع,noun,srE|سرع,,,"{""source"": ""qul_word_lemma"", ""word_location"": ""3:133:1""}",2026-01-31 13:11:22,
04c58f79d07137bd11a69e6b51bfa6fb77f6dab000dfc4509021d485eb37bb32,متي|noun,مَتَىٰ,متي,noun,,,,"{""source"": ""qul_word_lemma"", ""word_location"": ""27:71:2""}",2026-01-31 13:11:22,
f89c180718513e76c3df3238c672a5eddcbb84ee71220b7b316fac3fd5a9d4ff,سيرت|noun,سُيِّرَتْ,سيرت,noun,syr|سير,,,"{""source"": ""qul_word_lemma"", ""word_location"": ""78:20:1""}",2026-01-31 13:11:22,
0cf7bf80b3156d89b2111ea30be681f604f60cd6220f80dcf7cfe11811d46584,حواريون|noun,حَوَارِيُّون,حواريون,noun,Hwr|حور,,,"{""source"": ""qul_word_lemma"", ""word_location"": ""5:112:3""}",2026-01-31 13:11:22,
8227ae9057048a3b5f8eaebc886831d3251a4d3ba3708ae679c0f7cd1681b718,سياره|noun,سَيَّارَة,سياره,noun,syr|سير,,,"{""source"": ""qul_word_lemma"", ""word_location"": ""12:19:2""}",2026-01-31 13:11:22,
eaabda491b1dbda4f0fe8827df461a8d8a62ffde61d64d54aeab47bdb7e353c4,بعد|noun,بُعْد,بعد,noun,bEd|بعد,,,"{""source"": ""qul_word_lemma"", ""word_location"": ""23:41:6""}",2026-01-31 13:11:22,
242b4b67c2a6133f7280db162d47d6e82a4d7e0700fafc247959ad7c356e6171,مستودع|noun,مُسْتَوْدَع,مستودع,noun,wdE|ودع,,,"{""source"": ""qul_word_lemma"", ""word_location"": ""6:98:8""}",2026-01-31 13:11:22,
7ace5f4a216d26d399debfa9fc0ed793ced64418369f82894915992d20f7147c,مسفره|noun,مُّسْفِرَة,مسفره,noun,sfr|سفر,,,"{""source"": ""qul_word_lemma"", ""word_location"": ""80:38:3""}",2026-01-31 13:11:22,
bddaa42a1da752a8c01abe01d4964bc0e2c4776f2d482be5dfe26f0dbfe611e1,وتين|noun,وَتِين,وتين,noun,wtn|وتن,,,"{""source"": ""qul_word_lemma"", ""word_location"": ""69:46:4""}",2026-01-31 13:11:22,
37e74ba6b609898706e0e1a9ac8e230298edd71ffc2dcb522b35b4cc1bdf2171,ماجوج|noun,مَأْجُوج,ماجوج,noun,,,,"{""source"": ""qul_word_lemma"", ""word_location"": ""21:96:5""}",2026-01-31 13:11:22,
7e728261ade95ff95e4500e5cf48b82dae878a034bbebf46a3961330d9699c7c,ويل|noun,وَيْل,ويل,noun,,,,"{""source"": ""qul_word_lemma"", ""word_location"": ""77:15:1""}",2026-01-31 13:11:22,
b3c51e4d5258ab64cec6c64afe4c1e3f2bd6510b3b1537a63f9e5c3c41e338c2,عزم|noun,عَزَمَ,عزم,noun,Ezm|عزم,,,"{""source"": ""qul_word_lemma"", ""word_location"": ""2:227:2""}",2026-01-31 13:11:22,
0e9da5982c56ba500428eb80d3f60d5e4ed79c499b9027a11fdb378794d0190e,نواصي|noun,نَّوَٰصِى,نواصي,noun,nSy|نصي,,,"{""source"": ""qul_word_lemma"", ""word_location"": ""55:41:5""}",2026-01-31 13:11:22,
909fc3078fd63d1b0d85faec285a59f159ad7ea894b60a2fab81667043d5618d,افصح|noun,أَفْصَح,افصح,noun,fSH|فصح,,,"{""source"": ""qul_word_lemma"", ""word_location"": ""28:34:4""}",2026-01-31 13:11:22,
b56a3b5e119db6333c711af6359ea6b24a1ca13e09d48697201054b240b529bd,صب|noun,صَبَّ,صب,noun,Sbb|صبب,,,"{""source"": ""qul_word_lemma"", ""word_location"": ""89:13:1""}",2026-01-31 13:11:22,
3b7244398cb8940018b9d46d9e3884e169d7c69560cd5c0c864a407b31f230e5,تعاسر|noun,تَعَاسَرْ,تعاسر,noun,Esr|عسر,,,"{""source"": ""qul_word_lemma"", ""word_location"": ""65:6:29""}",2026-01-31 13:11:22,
06a6e30757db5abaa039daacd8afb479ed27a76bac577184f73d32a91b86c475,سندس|noun,سُندُس,سندس,noun,,,,"{""source"": ""qul_word_lemma"", ""word_location"": ""44:53:3""}",2026-01-31 13:11:22,
fc47ddac27fc6c1f0799a57cbc07188bdf1d49123a5540c864d53c4ad93136d6,فطور|noun,فُطُور,فطور,noun,fTr|فطر,,,"{""source"": ""qul_word_lemma"", ""word_location"": ""67:3:18""}",2026-01-31 13:11:22,
0925c05034f112cde4d158d62859e3c7f520d32f36a3acf6395c2821d0820856,مهين|noun,مَّهِين,مهين,noun,mhn|مهن,,,"{""source"": ""qul_word_lemma"", ""word_location"": ""77:20:5""}",2026-01-31 13:11:22,
47f3b59f4eba9d11e1f276daae92ee70a8f6b74847cb1a9d5443ebc9bb4e6c57,هاروت|noun,هَٰرُوت,هاروت,noun,,,,"{""source"": ""qul_word_lemma"", ""word_location"": ""2:102:22""}",2026-01-31 13:11:22,
9e5ba2c9727c54551367e4719704be6d0fcda3b3db3f0f3fe9009a3058385846,طالوت|noun,طَالُوت,طالوت,noun,,,,"{""source"": ""qul_word_lemma"", ""word_location"": ""2:249:3""}",2026-01-31 13:11:22,
e5683b8bfed32d7a5bb93d99bfd20b657bd83f9bada5d3715d294632a41313dd,باعد|noun,بَٰعِدْ,باعد,noun,bEd|بعد,,,"{""source"": ""qul_word_lemma"", ""word_location"": ""34:19:3""}",2026-01-31 13:11:22,
ab7bc56ce4cae81b52ae631a4aad9451709521c1bfda997ea34c680820dcd469,لولا|noun,لَوْلَآ,لولا,noun,,,,"{""source"": ""qul_word_lemma"", ""word_location"": ""18:39:1""}",2026-01-31 13:11:22,
f92f4267ca4f7200b8b2eda7e02dc87efdc07e52c812a982c9ee190a84976e6d,منصور|noun,مَنصُور,منصور,noun,nSr|نصر,,,"{""source"": ""qul_word_lemma"", ""word_location"": ""37:172:3""}",2026-01-31 13:11:22,
2285ff98844046f71726e18c7eebbffcffea8998e5a0d97a741e76fdf5e73a92,تضحي|noun,تَضْحَىٰ,تضحي,noun,DHw|ضحو,,,"{""source"": ""qul_word_lemma"", ""word_location"": ""20:119:6""}",2026-01-31 13:11:22,
882876848d025b9c084533d82eaf642d83afb176b6cba9f691743b95e34dd42c,اذ|noun,إِذ,اذ,noun,,,,"{""source"": ""qul_word_lemma"", ""word_location"": ""8:49:1""}",2026-01-31 13:11:22,
7e8c8c45552b1e6ae5552df55c1d4c5778ba34407a33b147b0e606068fc15d56,محيطه|noun,مُحِيطَة,محيطه,noun,HwT|حوط,,,"{""source"": ""qul_word_lemma"", ""word_location"": ""29:54:5""}",2026-01-31 13:11:22,
bc7fc5791882388a674ad37aa9303cca65be164ca5c1c549c509b1ccffd9f52e,حوايا|noun,حَوَايَآ,حوايا,noun,Hwy|حوي,,,"{""source"": ""qul_word_lemma"", ""word_location"": ""6:146:19""}",2026-01-31 13:11:22,
eb0bce8439d1bfe264a345ee307dd953d5ecda03e6d454a0e67b1d4a1b2c487e,كاين|noun,كَأَيِّن,كاين,noun,,,,"{""source"": ""qul_word_lemma"", ""word_location"": ""22:48:1""}",2026-01-31 13:11:22,
e16e60c54df03ac25fe3fec1f741be057634b150a8f9ed9c5aff42ad9d5458cc,معدود|noun,مَّعْدُود,معدود,noun,Edd|عدد,,,"{""source"": ""qul_word_lemma"", ""word_location"": ""11:104:5""}",2026-01-31 13:11:22,
efdd9282354634527388558de6db1e738613a8407ab2362eb74491f976b0ffbf,هجر|noun,هَجْر,هجر,noun,hjr|هجر,,,"{""source"": ""qul_word_lemma"", ""word_location"": ""73:10:6""}",2026-01-31 13:11:22,
7ce4d652a31df400cf7e0fcc58682b4e41de46d2c91fa620f5f7142a8f514a7f,سفينه|noun,سَفِينَة,سفينه,noun,sfn|سفن,,,"{""source"": ""qul_word_lemma"", ""word_location"": ""18:79:2""}",2026-01-31 13:11:22,
b1a403e5af970eb6d896e2df629c2a2a789d45c4dc1b360295bf974af59c33e2,سعر|noun,سُعُر,سعر,noun,sEr|سعر,,,"{""source"": ""qul_word_lemma"", ""word_location"": ""54:47:5""}",2026-01-31 13:11:22,
49e315694f0f4bd697f477899ed041c532efcee26009aafb02b12743c88f2394,قانطين|noun,قَٰنِطِين,قانطين,noun,qnT|قنط,,,"{""source"": ""qul_word_lemma"", ""word_location"": ""15:55:7""}",2026-01-31 13:11:22,
c846f5b1dc229710a318ad931427f0e025a4ac91821457d95277df0f6109811e,ثم|noun,ثُمّ,ثم,noun,,,,"{""source"": ""qul_word_lemma"", ""word_location"": ""57:27:1""}",2026-01-31 13:11:22,
ca12f3ca37984088e19b0627f6b45a7c7fd147ff10de606c2de8b646333669b3,قصاص|noun,قِصَاص,قصاص,noun,qSS|قصص,,,"{""source"": ""qul_word_lemma"", ""word_location"": ""2:179:3""}",2026-01-31 13:11:22,
6c74c460aaacc791ff11e087dde37d91f8e6a8bfed0a5243812f15be723d66d6,دل|noun,دَلَّ,دل,noun,dll|دلل,,,"{""source"": ""qul_word_lemma"", ""word_location"": ""7:22:1""}",2026-01-31 13:11:22,
d5d3eec8d29c93fca8cc09f4cfde2eb2c0c900af885b2360d70d1b304f916c14,جبريل|noun,جِبْرِيل,جبريل,noun,,,,"{""source"": ""qul_word_lemma"", ""word_location"": ""2:97:5""}",2026-01-31 13:11:22,
75c9e2197384ed1a13fc9b7222920a8fd2a35026588bc72b9ff6d0312cb5a6cb,تراقي|noun,تَّرَاقِى,تراقي,noun,trq|ترق,,,"{""source"": ""qul_word_lemma"", ""word_location"": ""75:26:4""}",2026-01-31 13:11:22,
03cc60887f26ca3fa1a897b194fe26d40917ae9c93447a7d2dd51447c5295c81,لما|noun,لَمَّا,لما,noun,,,,"{""source"": ""qul_word_lemma"", ""word_location"": ""40:83:1""}",2026-01-31 13:11:22,
025208eb460be6d8f39a438351a9b28f847bac5379d76fb877c971560e50b58c,سلسبيل|noun,سَلْسَبِيل,سلسبيل,noun,,,,"{""source"": ""qul_word_lemma"", ""word_location"": ""76:18:4""}",2026-01-31 13:11:22,
b66d95afd71b69fdd8119fa88cb1ebb55c514fbc2f9c0d515a5177e585ba2f6d,تنبت|noun,تَنۢبُتُ,تنبت,noun,nbt|نبت,,,"{""source"": ""qul_word_lemma"", ""word_location"": ""23:20:6""}",2026-01-31 13:11:22,
8a7dca53098665d3537ce792940f5aa018fd7b753d5446314e39028084bcd144,بعدت|noun,بَعُدَتْ,بعدت,noun,bEd|بعد,,,"{""source"": ""qul_word_lemma"", ""word_location"": ""9:42:9""}",2026-01-31 13:11:22,
a570f99a91222d62911b9d3077684e984f361beccab92d780cfd839acee089be,صم|noun,صَمُّ,صم,noun,Smm|صمم,,,"{""source"": ""qul_word_lemma"", ""word_location"": ""5:71:6""}",2026-01-31 13:11:22,
fed70bd2530bc253a780f11b33fc076f9d88a223e12f4b05c44c9c03bb1fdf87,اعد|noun,أَعَدَّ,اعد,noun,Edd|عدد,,,"{""source"": ""qul_word_lemma"", ""word_location"": ""8:60:1""}",2026-01-31 13:11:22,
0fe95728d3395aa708b8562d284aa7c730072fcc18c1aef898aba312c1c2ea1d,قنط|noun,قَنَطُ,قنط,noun,qnT|قنط,,,"{""source"": ""qul_word_lemma"", ""word_location"": ""15:56:3""}",2026-01-31 13:11:22,
36a1687980dcbf3c47c613dc74cef83a393184214528dd8e213220ef82551573,استبرق|noun,إِسْتَبْرَق,استبرق,noun,,,,"{""source"": ""qul_word_lemma"", ""word_location"": ""44:53:4""}",2026-01-31 13:11:22,
d4c3ed6151144771d87ea779c5c08a613849ab2ea998434da77f6bfc3ad58013,اسحاق|noun,إِسْحَاق,اسحاق,noun,,,,"{""source"": ""qul_word_lemma"", ""word_location"": ""37:112:2""}",2026-01-31 13:11:22,
22cda73d38f2dfc9c62970120b37b7d5a332b78d51dd4996f4c4896a0049a194,الذي|noun,الَّذِى,الذي,noun,,,,"{""source"": ""qul_word_lemma"", ""word_location"": ""42:38:1""}",2026-01-31 13:11:22,
8efa1f616b3317a08cd555383b8aebd5835707a8aab50677e79ca948f8f0acac,نبات|noun,نَبَات,نبات,noun,nbt|نبت,,,"{""source"": ""qul_word_lemma"", ""word_location"": ""78:15:4""}",2026-01-31 13:11:22,
4414f9294315bb4f2c674eeed8720293f63c76238e133404fa4ca6317b78732c,يصهر|noun,يُصْهَرُ,يصهر,noun,Shr|صهر,,,"{""source"": ""qul_word_lemma"", ""word_location"": ""22:20:1""}",2026-01-31 13:11:22,
b26f2dc210dcac73b8e8784a0b6e2d70531c33da866f1dfddbf8c4fbc79a272e,عسير|noun,عَسِير,عسير,noun,Esr|عسر,,,"{""source"": ""qul_word_lemma"", ""word_location"": ""74:9:4""}",2026-01-31 13:11:22,
8865aef2fed665bd509576331be2c15e4835927d8470627f563db366e30ff567,جالوت|noun,جَالُوت,جالوت,noun,,,,"{""source"": ""qul_word_lemma"", ""word_location"": ""2:250:3""}",2026-01-31 13:11:22,
2f298a100c2feed6cb3e43f03149517078c3ac0be3f9e1a5e4ea59a746ce9c86,ظفر|noun,ظُفُر,ظفر,noun,Zfr|ظفر,,,"{""source"": ""qul_word_lemma"", ""word_location"": ""6:146:7""}",2026-01-31 13:11:22,
e744c4e9d1f5768b6d35f2e834676dbe26ea5dfddb1a35773b77d68c0977120a,منضود|noun,مَّنضُود,منضود,noun,nDd|نضد,,,"{""source"": ""qul_word_lemma"", ""word_location"": ""56:29:2""}",2026-01-31 13:11:22,
7ed93c82e07a0ba7f7dd483c5e1451fe9d3564aac1dd3feec3b6a4760272a264,مسرور|noun,مَسْرُور,مسرور,noun,srr|سرر,,,"{""source"": ""qul_word_lemma"", ""word_location"": ""84:9:4""}",2026-01-31 13:11:22,
80566dab0f30bdbaa1490d8a4f3d5fba3af8a2b999159c762b0ab54ce89547bf,رمضان|noun,رَمَضَان,رمضان,noun,,,,"{""source"": ""qul_word_lemma"", ""word_location"": ""2:185:2""}",2026-01-31 13:11:22,
c6b1ff21f247e34c453bd1462b14ea9e68c53b7a43e10d5cbc9e5b610df31827,مروه|noun,مَرْوَة,مروه,noun,,,,"{""source"": ""qul_word_lemma"", ""word_location"": ""2:158:3""}",2026-01-31 13:11:22,
1d16056cc14ccd3333db8508233ff9ce84461c99c031016af4c8469165aecb58,بل|noun,بَل,بل,noun,,,,"{""source"": ""qul_word_lemma"", ""word_location"": ""37:12:1""}",2026-01-31 13:11:22,
144bce073aa7b61f4fa6118139831ca9917c4bb6b2955a0412981d5f475ed7fd,حصون|noun,حُصُون,حصون,noun,HSn|حصن,,,"{""source"": ""qul_word_lemma"", ""word_location"": ""59:2:20""}",2026-01-31 13:11:22,
e9f9b536cc4e84c0ae240d8edf5c5dcc0f602f3e5c4dbcd2a5cf6a61450ccbf1,يحاور|noun,يُحَاوِرُ,يحاور,noun,Hwr|حور,,,"{""source"": ""qul_word_lemma"", ""word_location"": ""18:37:5""}",2026-01-31 13:11:22,
6aa7bb43b3cb7845365174673edd2b05bbbbbffd057b4c5ad72a6d7697b5e032,اقرض|noun,أَقْرَضُ,اقرض,noun,qrD|قرض,,,"{""source"": ""qul_word_lemma"", ""word_location"": ""64:17:2""}",2026-01-31 13:11:22,
8c2f0910259d861b4848da97171ddf56fe082a521d8b2bce407a349f9e82d78f,تسبيح|noun,تَسْبِيح,تسبيح,noun,sbH|سبح,,,"{""source"": ""qul_word_lemma"", ""word_location"": ""24:41:17""}",2026-01-31 13:11:22,
b94a97bce7a7b5b0c068991bfe71ca0ead03e17357813a0a5ff7e27b4d6f18ca,حسرت|noun,حَسْرَت,حسرت,noun,Hsr|حسر,,,"{""source"": ""qul_word_lemma"", ""word_location"": ""6:31:13""}",2026-01-31 13:11:22,
56ffe1e8c9b7c7b8d57211943db81bf93d65dd17020342a08cf1761e599eacd3,سديد|noun,سَدِيد,سديد,noun,sdd|سدد,,,"{""source"": ""qul_word_lemma"", ""word_location"": ""33:70:8""}",2026-01-31 13:11:22,
33586716c8a7deee1d8417786f7cd78a35614d11118a4dc82d2c2be0a3076525,صبغه|noun,صِبْغَة,صبغه,noun,Sbg|صبغ,,,"{""source"": ""qul_word_lemma"", ""word_location"": ""2:138:1""}",2026-01-31 13:11:22,
8caafba120b16c4a288b200260ebbe099cfd9d89c445ba58cb17d7ee9529a614,منفطر|noun,مُنفَطِر,منفطر,noun,fTr|فطر,,,"{""source"": ""qul_word_lemma"", ""word_location"": ""73:18:2""}",2026-01-31 13:11:22,
7a9bb5074b46199f9f451e3de9841b8f0dd0501c9854d739f11602b8addc383e,حميم|noun,حَمِيم,حميم,noun,Hmm|حمم,,,"{""source"": ""qul_word_lemma"", ""word_location"": ""44:46:2""}",2026-01-31 13:11:22,
1e08dc1d90b22057411e2538789b514d52eeb2770d5f924f5b59f104b2bf8a67,دري|noun,دُرِّىّ,دري,noun,drr|درر,,,"{""source"": ""qul_word_lemma"", ""word_location"": ""24:35:16""}",2026-01-31 13:11:22,
4ebcf6d9cd394e1bf2cacc7317d3806eccfa5d2d40293791684bce73444a05b6,سينين|noun,سِينِين,سينين,noun,,,,"{""source"": ""qul_word_lemma"", ""word_location"": ""95:2:2""}",2026-01-31 13:11:22,
389f652819c6f31f2483f40687c925772a205090cf0b9090e13a1de6362ad4f0,هاذان|noun,هَٰذَٰن,هاذان,noun,,,,"{""source"": ""qul_word_lemma"", ""word_location"": ""22:19:1""}",2026-01-31 13:11:22,
8e1302c113f0682569927f7f9e6791eee6edcff25a0cd38bc94ea544930f30b8,تسرح|noun,تَسْرَحُ,تسرح,noun,srH|سرح,,,"{""source"": ""qul_word_lemma"", ""word_location"": ""16:6:7""}",2026-01-31 13:11:22,
da037201b35f24c1ce8b72a12c956a03538354dece44e4d9070caadd1f95a560,تقرض|noun,تَّقْرِضُ,تقرض,noun,qrD|قرض,,,"{""source"": ""qul_word_lemma"", ""word_location"": ""18:17:12""}",2026-01-31 13:11:22,
3b3382d5c5a0fef4611997b54ace038a6cae467fe7e2e19167cc68669be44c2d,ارم|noun,إِرَم,ارم,noun,,,,"{""source"": ""qul_word_lemma"", ""word_location"": ""89:7:1""}",2026-01-31 13:11:22,
87401cebea6887592c1f12d4e45523e2f0e3c64066b5a188bac0ebfc35776376,بضاعه|noun,بِضَٰعَة,بضاعه,noun,bDE|بضع,,,"{""source"": ""qul_word_lemma"", ""word_location"": ""12:62:4""}",2026-01-31 13:11:22,
de7dadbc8b5cfd397dea30461eeeaaf9a2aecd311a9c2fec095b01c6dfca4ec1,هيهات|noun,هَيْهَات,هيهات,noun,,,,"{""source"": ""qul_word_lemma"", ""word_location"": ""23:36:1""}",2026-01-31 13:11:22,
7e64b7a35b0fd630be5d7d8abfb5790f90d436de4f2760ba86e139a3a59d6547,حرس|noun,حَرَس,حرس,noun,Hrs|حرس,,,"{""source"": ""qul_word_lemma"", ""word_location"": ""72:8:6""}",2026-01-31 13:11:22,
df12ddbb215ab63107cd8cab04086821e0bed34dd61ebb29bdb8db3d51403944,حصب|noun,حَصَب,حصب,noun,HSb|حصب,,,"{""source"": ""qul_word_lemma"", ""word_location"": ""21:98:7""}",2026-01-31 13:11:22,
ec91086ca403a202a1ca25a1713e2839527b2c59691373de900c7843ad1ca46a,محصنه|noun,مُّحَصَّنَة,محصنه,noun,HSn|حصن,,,"{""source"": ""qul_word_lemma"", ""word_location"": ""59:14:7""}",2026-01-31 13:11:22,
ba5ded14ca564fab66209abff7d1ab2c804ba242b37d50e3cfb7a7b5d90ddb8f,اسماعيل|noun,إِسْمَاعِيل,اسماعيل,noun,,,,"{""source"": ""qul_word_lemma"", ""word_location"": ""21:85:1""}",2026-01-31 13:11:22,
cbc341d0d78d9b0a6728d98e2d139cf7768147f9b5167d4b0c9a3e2b0dd36314,سفاهه|noun,سَفَاهَة,سفاهه,noun,sfh|سفه,,,"{""source"": ""qul_word_lemma"", ""word_location"": ""7:67:5""}",2026-01-31 13:11:22,
ad9dd93b6f020712380e8bd1c974d1b2506142488d345d3d51ac88a8a46d8f5c,حدود|noun,حُدُود,حدود,noun,Hdd|حدد,,,"{""source"": ""qul_word_lemma"", ""word_location"": ""4:13:2""}",2026-01-31 13:11:22,
54f62f3ef00461be0de20a49bf1f36a24910f9d40f1035f71d3439c3506c7546,مسخرات|noun,مُسَخَّرَٰت,مسخرات,noun,sxr|سخر,,,"{""source"": ""qul_word_lemma"", ""word_location"": ""16:79:5""}",2026-01-31 13:11:22,
c7925ee7aba7dd115c136bf804e93de6405a8815aa159125799c31c181b2ac70,لا|noun,لَا,لا,noun,,,,"{""source"": ""qul_word_lemma"", ""word_location"": ""4:95:1""}",2026-01-31 13:11:22,
93fcdd2009be3671a8b5e522ef26455fb0ff6f600a699583681347bd306e54bd,تسريح|noun,تَسْرِيح,تسريح,noun,srH|سرح,,,"{""source"": ""qul_word_lemma"", ""word_location"": ""2:229:6""}",2026-01-31 13:11:22,
2ff4b661295fb562b0302f15abf9fd5469c453386f515cd9c1cbcc3d7dc28600,يحموم|noun,يَحْمُوم,يحموم,noun,Hmm|حمم,,,"{""source"": ""qul_word_lemma"", ""word_location"": ""56:43:3""}",2026-01-31 13:11:22,
e2ab15286f2dd62f683922a24443cfd03a4054030d350ddd45bc593182984e8e,الم|noun,إِلَّم,الم,noun,,,,"{""source"": ""qul_word_lemma"", ""word_location"": ""11:14:1""}",2026-01-31 13:11:22,
9dc2f3f12b5224fc0ce8013f836383e931cb761465cd0ed567bc93c9ceaebb44,مسفوح|noun,مَّسْفُوح,مسفوح,noun,sfH|سفح,,,"{""source"": ""qul_word_lemma"", ""word_location"": ""6:145:18""}",2026-01-31 13:11:22,
daf57717a78374a687251b11b15ef13bbb090b9815fd95706af7a1d14b0e6615,خامسه|noun,خَٰمِسَة,خامسه,noun,xms|خمس,,,"{""source"": ""qul_word_lemma"", ""word_location"": ""24:7:1""}",2026-01-31 13:11:22,
c8588416777cc42804449de8232ab9c2a219b39f04030d46195b3c996fda388a,مقتر|noun,مُقْتِر,مقتر,noun,qtr|قتر,,,"{""source"": ""qul_word_lemma"", ""word_location"": ""2:236:19""}",2026-01-31 13:11:22,
a499e186438b52423c21d8c7a085e159b22c425fd4c38de84ddf5f51492877a8,قرض|noun,قَرْض,قرض,noun,qrD|قرض,,,"{""source"": ""qul_word_lemma"", ""word_location"": ""64:17:4""}",2026-01-31 13:11:22,
56917b635c1acaa786232ba2c3e19167fb72d26427c0eb8cd2a91bf0472a606d,كم|noun,كَم,كم,noun,,,,"{""source"": ""qul_word_lemma"", ""word_location"": ""28:58:1""}",2026-01-31 13:11:22,
3a7d02d7b4d065ed55ae9c4f3c9ebb6b4595199a7fb983dea7c9ad13ac85a1ab,يحاد|noun,يُحَآدُّ,يحاد,noun,Hdd|حدد,,,"{""source"": ""qul_word_lemma"", ""word_location"": ""58:5:3""}",2026-01-31 13:11:22,
a2c8a3fa3193e7cab64c4a1190195832e79d3fbac51688fe88057443b9cee85f,ابليس|noun,إِبْلِيس,ابليس,noun,,,,"{""source"": ""qul_word_lemma"", ""word_location"": ""15:32:2""}",2026-01-31 13:11:22,
de9c5ef006ab71724730c54a57f27cf552657baf463ce8b91643cf660b4900a1,يخادع|noun,يُخَٰدِعُ,يخادع,noun,xdE|خدع,,,"{""source"": ""qul_word_lemma"", ""word_location"": ""2:9:1""}",2026-01-31 13:11:22,
3dae213113d28bfac67b12885a0ce3760eee900fdf0779467d01513d6a58f265,سلسله|noun,سِلْسِلَة,سلسله,noun,slsl|سلسل,,,"{""source"": ""qul_word_lemma"", ""word_location"": ""69:32:3""}",2026-01-31 13:11:22,
dc0a8c37ad88dff7a53b4db888f9ced320fe24aa6098d963b615aebec0ff7854,محلي|noun,مُحِلِّى,محلي,noun,Hll|حلل,,,"{""source"": ""qul_word_lemma"", ""word_location"": ""5:1:15""}",2026-01-31 13:11:22,
1acb522f2d92e0a471af6d9d8e91cb49061236358d2a407e7706787bd1dc8153,سراع|noun,سِرَاع,سراع,noun,srE|سرع,,,"{""source"": ""qul_word_lemma"", ""word_location"": ""70:43:5""}",2026-01-31 13:11:22,
887b298c9968b09b18857628ed7c6732516e0d90a99222137d2666e49d7d3c5a,او|noun,أَو,او,noun,,,,"{""source"": ""qul_word_lemma"", ""word_location"": ""17:91:1""}",2026-01-31 13:11:22,
3a7033f51b4c3a4317f624805a38786174843350901c67c699b3750c60072cfb,في|noun,فِى,في,noun,,,,"{""source"": ""qul_word_lemma"", ""word_location"": ""56:78:1""}",2026-01-31 13:11:22,
3620eb558eaf16bf8dc7fe9e1560cc601eab818d9e5d658d7e5429d18718da9c,فردوس|noun,فِرْدَوْس,فردوس,noun,,,,"{""source"": ""qul_word_lemma"", ""word_location"": ""23:11:3""}",2026-01-31 13:11:22,
b49537565d1d2a35b144817d02d1569eac9bcfba3d86906e9661d164a46a58bf,كي|noun,كَى,كي,noun,,,,"{""source"": ""qul_word_lemma"", ""word_location"": ""20:33:1""}",2026-01-31 13:11:22,
5cc9ebf377a3b271253e87f06a9420f5428a6f709f630d2b9841ea692fa820f8,حسرتي|noun,حَسْرَتَىٰ,حسرتي,noun,Hsr|حسر,,,"{""source"": ""qul_word_lemma"", ""word_location"": ""39:56:4""}",2026-01-31 13:11:22,
1a7b8c81b0b8a3d163aa517abef9614c3faee6563217ed83f541be92d337fab8,ـان|noun,ـَٰٔن,ـان,noun,,,,"{""source"": ""qul_word_lemma"", ""word_location"": ""10:91:1""}",2026-01-31 13:11:22,
13e886ba76fe97c014b0b24275d59bea7350e26472fc883806f8db2eaaa98c19,تبيع|noun,تَبِيع,تبيع,noun,tbE|تبع,,,"{""source"": ""qul_word_lemma"", ""word_location"": ""17:69:22""}",2026-01-31 13:11:22,
bb0d88b10fbfa025a420c1b1a9f7cd8b7ca1d2728f7a2e5951150e8cc77eb92c,زنجبيل|noun,زَنجَبِيل,زنجبيل,noun,,,,"{""source"": ""qul_word_lemma"", ""word_location"": ""76:17:6""}",2026-01-31 13:11:22,
6e7f07ef50b07eb3db159e7fadfdec04cb7dd0f018430f32516a3c1e627ee03d,سامدون|noun,سَٰمِدُون,سامدون,noun,smd|سمد,,,"{""source"": ""qul_word_lemma"", ""word_location"": ""53:61:2""}",2026-01-31 13:11:22,
8e5e45b6cfef3cbe6ae33553bd0a4147a47cd79502083c6974a942a82c2cb4d6,انجيل|noun,إِنجِيل,انجيل,noun,,,,"{""source"": ""qul_word_lemma"", ""word_location"": ""5:47:3""}",2026-01-31 13:11:22,
0ac4232cd078162810c44cb4784feb576ac3aa50689f0ab4bc3732433131875f,تعاطي|noun,تَعَاطَىٰ,تعاطي,noun,ETw|عطو,,,"{""source"": ""qul_word_lemma"", ""word_location"": ""54:29:3""}",2026-01-31 13:11:22,
53106e7e03503da98b0d89bc7afb988efd9dd1baf6115f49e23e98e76d831b1b,لاكن|noun,لَٰكِنّ,لاكن,noun,,,,"{""source"": ""qul_word_lemma"", ""word_location"": ""8:17:3""}",2026-01-31 13:11:22,
2007b702e662885d7126e699c0bbe04e3901ef8d8fa6d405021ed8741e5daf8e,ناكسوا|noun,نَاكِسُوا,ناكسوا,noun,nks|نكس,,,"{""source"": ""qul_word_lemma"", ""word_location"": ""32:12:5""}",2026-01-31 13:11:22,
d00f0742a7f2a8ab270ae8329bb6584929f5beb043f4f06bd8eb54c07f0485e1,ايكه|noun,أَيْكَة,ايكه,noun,,,,"{""source"": ""qul_word_lemma"", ""word_location"": ""50:14:2""}",2026-01-31 13:11:22,
35827c58e9f2bc23f7be2f71c50e606b7fc0d40a78a5332fc17837fad9f944b8,سحار|noun,سَحَّار,سحار,noun,sHr|سحر,,,"{""source"": ""qul_word_lemma"", ""word_location"": ""26:37:3""}",2026-01-31 13:11:22,
9b2f689242c50d7cd610b9a73bf1e594a60dffa7905de36a34e7fdbef36370c9,بدر|noun,بَدْر,بدر,noun,,,,"{""source"": ""qul_word_lemma"", ""word_location"": ""3:123:4""}",2026-01-31 13:11:22,
8841a04089722c78441080305151fae9e4f6bc550933cde1e850d7dba568eb02,بابل|noun,بَابِل,بابل,noun,,,,"{""source"": ""qul_word_lemma"", ""word_location"": ""2:102:21""}",2026-01-31 13:11:22,
0f409bb939513e2bf46d6b97f49dacd4f113e038bccfa6e6437b29fc36dc61da,بضع|noun,بِضْع,بضع,noun,bDE|بضع,,,"{""source"": ""qul_word_lemma"", ""word_location"": ""30:4:2""}",2026-01-31 13:11:22,
5862bc9f57f851591c89b42f9b776dc4d8fefd0098060ee7de0c7cb49c44d5f6,يخدع|noun,يَخْدَعُ,يخدع,noun,xdE|خدع,,,"{""source"": ""qul_word_lemma"", ""word_location"": ""8:62:4""}",2026-01-31 13:11:22,
2385cbf396e653f09d6e2db78b76fecb5595f64a4ba2aa55f8c92262cafd9c24,ينطق|noun,يَنطِقُ,ينطق,noun,nTq|نطق,,,"{""source"": ""qul_word_lemma"", ""word_location"": ""53:3:2""}",2026-01-31 13:11:22,
f99e030a1a66b99f6134d7063552ac9ad102d22f7d091fe0b73f43b1d269c045,حداد|noun,حِدَاد,حداد,noun,Hdd|حدد,,,"{""source"": ""qul_word_lemma"", ""word_location"": ""33:19:21""}",2026-01-31 13:11:22,
870fe99202bdf44ee1c9e391673e2e166678e59ef2298322ecac4d34d96d0b1a,دليل|noun,دَلِيل,دليل,noun,dll|دلل,,,"{""source"": ""qul_word_lemma"", ""word_location"": ""25:45:16""}",2026-01-31 13:11:22,
c65539f87bac4ae8c1c8bf9bad7c9f5bd42bf7db047a418b0081a6e20e8b6461,خمسه|noun,خَمْسَة,خمسه,noun,xms|خمس,,,"{""source"": ""qul_word_lemma"", ""word_location"": ""18:22:6""}",2026-01-31 13:11:22,
ff8ffd3c75ff945ad1a2b57255635290aeb09521ed54984022f6580dc71d1c82,سبح|noun,سَبْح,سبح,noun,sbH|سبح,,,"{""source"": ""qul_word_lemma"", ""word_location"": ""79:3:2""}",2026-01-31 13:11:22,
3e6ff0fd3cdb99669b713bfba3947c9cfa78174f1516420f666dcd220b085ca0,تصعد|noun,تُصْعِدُ,تصعد,noun,SEd|صعد,,,"{""source"": ""qul_word_lemma"", ""word_location"": ""3:153:2""}",2026-01-31 13:11:22,
ee6c1374763e0866b7969d61da7b4be8424396df60fdf9a0f2e5db58a712c9b3,اسلحت|noun,أَسْلِحَت,اسلحت,noun,slH|سلح,,,"{""source"": ""qul_word_lemma"", ""word_location"": ""4:102:12""}",2026-01-31 13:11:22,
06df6f62d3f35d3b74dcd473c5be5f8d93d940115e5b5e2d7b16c84fd13208b4,سد|noun,سَدّ,سد,noun,sdd|سدد,,,"{""source"": ""qul_word_lemma"", ""word_location"": ""36:9:5""}",2026-01-31 13:11:22,
2248587dfaca113b524ee582a891dc364c8f47d8f1f17f5fbdd5f1f010abad55,سفر|noun,سَفَر,سفر,noun,sfr|سفر,,,"{""source"": ""qul_word_lemma"", ""word_location"": ""2:283:4""}",2026-01-31 13:11:22,
7ed2745c952f3f1b1812c21c89c95b4c0953bc0f54c9f5e455d2467e0dac18be,حلال|noun,حَلَٰل,حلال,noun,Hll|حلل,,,"{""source"": ""qul_word_lemma"", ""word_location"": ""8:69:4""}",2026-01-31 13:11:22,
1a4c23907c42af4b7642c16f7e6eb5a7960356b7c9416d508033c26650f8d312,تابوت|noun,تَّابُوت,تابوت,noun,,,,"{""source"": ""qul_word_lemma"", ""word_location"": ""20:39:4""}",2026-01-31 13:11:22,
ffc40f06b9500404b5ad847cbdfb28d74488b525ad5e653e9c7872e31f1217b2,ظهري|noun,ظِهْرِيّ,ظهري,noun,Zhr|ظهر,,,"{""source"": ""qul_word_lemma"", ""word_location"": ""11:92:10""}",2026-01-31 13:11:22,
365d64fc483a84df816b866476a33fe8f42bb2ca0426fe6c4674526b15803fa1,ضحي|noun,ضُحًى,ضحي,noun,DHw|ضحو,,,"{""source"": ""qul_word_lemma"", ""word_location"": ""93:1:1""}",2026-01-31 13:11:22,
aabff92b7e72b90498c45ee15b115830d9b6abfd110b9057c0738d158e513e20,عيسي|noun,عِيسَى,عيسي,noun,,,,"{""source"": ""qul_word_lemma"", ""word_location"": ""5:114:2""}",2026-01-31 13:11:22,
a7c92950ea1ebf73cbb0b323e554f98d1f5969c3b33f9ae00e3d537dc0caa08f,مسرف|noun,مُسْرِف,مسرف,noun,srf|سرف,,,"{""source"": ""qul_word_lemma"", ""word_location"": ""51:34:4""}",2026-01-31 13:11:22,
185fe76a94f6d81d8a827ce78e26f642aee143844218bfe25d1080a553c0283a,تعضل|noun,تَعْضُلُ,تعضل,noun,EDl|عضل,,,"{""source"": ""qul_word_lemma"", ""word_location"": ""2:232:7""}",2026-01-31 13:11:22,
38584ed04344971c3c86dab4d6ef5b8b80c216a0448367edf17176093327be7e,يرهق|noun,يُرْهِقَ,يرهق,noun,rhq|رهق,,,"{""source"": ""qul_word_lemma"", ""word_location"": ""74:17:1""}",2026-01-31 13:11:22,
5c0ac252e2f253293c55f413ae030086e7e79014e25db740af0e87d115c68e9b,اسرف|noun,أَسْرَفَ,اسرف,noun,srf|سرف,,,"{""source"": ""qul_word_lemma"", ""word_location"": ""20:127:4""}",2026-01-31 13:11:22,
9ab0c56cb8d96221bcab97fd56504475800d0787fa164889c96ec960357d7f6c,يصحب|noun,يُصْحَبُ,يصحب,noun,SHb|صحب,,,"{""source"": ""qul_word_lemma"", ""word_location"": ""21:43:14""}",2026-01-31 13:11:22,
0bee3dd448e6c4c958c674c2b328dcf5afc1ec01a9ce708613cf520c252b04a8,اصم|noun,أَصَمّ,اصم,noun,Smm|صمم,,,"{""source"": ""qul_word_lemma"", ""word_location"": ""2:18:1""}",2026-01-31 13:11:22,
ba5815e94463960bb8aac033b0595d441246ee2490b8ecdbae114eabb5cc1f80,فرض|noun,فَرَضَ,فرض,noun,frD|فرض,,,"{""source"": ""qul_word_lemma"", ""word_location"": ""66:2:2""}",2026-01-31 13:11:22,
086513edde21c0f3b37f3b20602341f93ee6e227b0c7bdc378275dd188aadee2,تظاهر|noun,تَظَٰهَرُ,تظاهر,noun,Zhr|ظهر,,,"{""source"": ""qul_word_lemma"", ""word_location"": ""66:4:9""}",2026-01-31 13:11:22,
0a071245c8306c4edd323e8ff1fb78575e9e1f58564724f87ec86d40824f8610,انبت|noun,أَنۢبَتَ,انبت,noun,nbt|نبت,,,"{""source"": ""qul_word_lemma"", ""word_location"": ""37:146:1""}",2026-01-31 13:11:22,
02f02a8dbe2523c0c25fe3762bf97f77a82f6a130598a81b26b373b802e3f5e6,الي|noun,إِلَىٰ,الي,noun,,,,"{""source"": ""qul_word_lemma"", ""word_location"": ""75:30:1""}",2026-01-31 13:11:22,
8382caf43c69b613a0b9d09cc65728f4742b2f8e3b60531fcddf6110ec0353c0,اسراييل|noun,إِسْرَائِيل,اسراييل,noun,,,,"{""source"": ""qul_word_lemma"", ""word_location"": ""2:40:2""}",2026-01-31 13:11:22,
bd7303f8e69b2f52d73262ef4aaa7c201d4dad7211e8e49e8b7b3709684243f4,فاطر|noun,فَاطِر,فاطر,noun,fTr|فطر,,,"{""source"": ""qul_word_lemma"", ""word_location"": ""42:11:1""}",2026-01-31 13:11:22,
86cd7c4d4869e4946786c0fb97e8f5c0848de4458d3f58f46aca09d120d5e61a,لوط|noun,لُوط,لوط,noun,,,,"{""source"": ""qul_word_lemma"", ""word_location"": ""21:74:1""}",2026-01-31 13:11:22,
ed46049670ef07085c3fcfde13f4e2fccce59ed2727ccffe70152776740a405d,ظهير|noun,ظَهِير,ظهير,noun,Zhr|ظهر,,,"{""source"": ""qul_word_lemma"", ""word_location"": ""28:17:8""}",2026-01-31 13:11:22,
595523ab2109b7ad669a7d7f78fc05649896798ebb67c349f9835044a2b12b81,عسري|noun,عُسْرَىٰ,عسري,noun,Esr|عسر,,,"{""source"": ""qul_word_lemma"", ""word_location"": ""92:10:2""}",2026-01-31 13:11:22,
3c87aa92831463c2949285ab34fb3c23b0c3d3e670449e8d9585fd0ce086368b,مرحب|noun,مَرْحَب,مرحب,noun,rHb|رحب,,,"{""source"": ""qul_word_lemma"", ""word_location"": ""38:60:5""}",2026-01-31 13:11:22,
bf165141b6c3002d32ff31dfd832c34a61b0d2284957b67a237c7baa083b68c4,يستسخر|noun,يَسْتَسْخِرُ,يستسخر,noun,sxr|سخر,,,"{""source"": ""qul_word_lemma"", ""word_location"": ""37:14:4""}",2026-01-31 13:11:22,
11e71140d0f4983eb16d23a042586fff0f511ed4b71385511a6c74a6787eb402,نكس|noun,نُكِسُ,نكس,noun,nks|نكس,,,"{""source"": ""qul_word_lemma"", ""word_location"": ""21:65:2""}",2026-01-31 13:11:22,
c268bd90c81f5514d18a3bad698fbbf43d4fda9acf7b27c5cb10a9973c030063,اسير|noun,أَسِير,اسير,noun,Asr|اسر,,,"{""source"": ""qul_word_lemma"", ""word_location"": ""76:8:7""}",2026-01-31 13:11:22,
e810b7ff09e5dfdf897cbfa5fce523751cbd3f4f6856cad4549755f839e62bd9,امس|noun,أَمْس,امس,noun,,,,"{""source"": ""qul_word_lemma"", ""word_location"": ""28:82:5""}",2026-01-31 13:11:22,
83205dad3f8d0d3e788def0399b91da4a69fe8ad89bf16faf11409b4cdcbb099,تصاحب|noun,تُصَٰحِبْ,تصاحب,noun,SHb|صحب,,,"{""source"": ""qul_word_lemma"", ""word_location"": ""18:76:8""}",2026-01-31 13:11:22,
d61d9f64ec64772e520edcc190b7fec4d7b448952ff3c494777a510ef7b72dad,سابحات|noun,سَّٰبِحَٰت,سابحات,noun,sbH|سبح,,,"{""source"": ""qul_word_lemma"", ""word_location"": ""79:3:1""}",2026-01-31 13:11:22,
9d36e0ccaefc934ea818bfd1df3ed808793c301b392b7e99ac9abc2f540f91be,ناس|noun,نَّاس,ناس,noun,nws|نوس,,,"{""source"": ""qul_word_lemma"", ""word_location"": ""22:73:2""}",2026-01-31 13:11:22,
aa771917957e362909e4c6b6f1e2133d7f62ab4244724b675a4620857d0c1c46,اصابع|noun,أَصَٰبِع,اصابع,noun,SbE|صبع,,,"{""source"": ""qul_word_lemma"", ""word_location"": ""71:7:7""}",2026-01-31 13:11:22,
62825bba238572ea46c02e696ac04820770ea1868fe4d97447a2415245f55b64,قسوه|noun,قَسْوَة,قسوه,noun,qsw|قسو,,,"{""source"": ""qul_word_lemma"", ""word_location"": ""2:74:11""}",2026-01-31 13:11:22,
a835014c91bafe7c99aa4629eeba073bc78170730c0a50dd96608bb5a46b1d1c,صيحه|noun,صَيْحَة,صيحه,noun,SyH|صيح,,,"{""source"": ""qul_word_lemma"", ""word_location"": ""15:83:2""}",2026-01-31 13:11:22,
65c3b4b3bde8bb67bddf145bc3481bb2913d177f63e0284459c5cf8bd3bad5e9,ايان|noun,أَيَّان,ايان,noun,,,,"{""source"": ""qul_word_lemma"", ""word_location"": ""51:12:2""}",2026-01-31 13:11:22,
255d6a00dfebf9f8df09a99f19bd1bc78480b7eb03a6a1bd0faa1ffb9ab43dfe,نصراني|noun,نَصْرَانِيّ,نصراني,noun,nSr|نصر,,,"{""source"": ""qul_word_lemma"", ""word_location"": ""5:18:3""}",2026-01-31 13:11:22,
cfd988e44b47f436d08532c79e371f56ba359b2a9819773abc09c90a3d4733c4,يستحسر|noun,يَسْتَحْسِرُ,يستحسر,noun,Hsr|حسر,,,"{""source"": ""qul_word_lemma"", ""word_location"": ""21:19:13""}",2026-01-31 13:11:22,
1f359b08642180092d44397f804849e9bea0526a1e3962fa3eba3ce7168c0ba1,يحطم|noun,يَحْطِمَ,يحطم,noun,HTm|حطم,,,"{""source"": ""qul_word_lemma"", ""word_location"": ""27:18:14""}",2026-01-31 13:11:22,
58d0a506058b57f3cde23f5b4ad18baf9074285dcb2ec4a340e786b678a12e54,تسر|noun,تَسُرُّ,تسر,noun,srr|سرر,,,"{""source"": ""qul_word_lemma"", ""word_location"": ""2:69:17""}",2026-01-31 13:11:22,
f6d9ee7cf7abc5d579ca59c3f49b4e7225db240f12c847967888d820f7677f12,تناصر|noun,تَنَاصَرُ,تناصر,noun,nSr|نصر,,,"{""source"": ""qul_word_lemma"", ""word_location"": ""37:25:4""}",2026-01-31 13:11:22,
63d5f730c9dbbfea5872389948dc1aec1e8031b642996aea91c5bbe9a0e012d2,انطق|noun,أَنطَقَ,انطق,noun,nTq|نطق,,,"{""source"": ""qul_word_lemma"", ""word_location"": ""41:21:7""}",2026-01-31 13:11:22,
395f23342e2a37cfb44bcc650f1321020a8566d784f570309002e44f00a9ea94,مهاجر|noun,مُهَاجِر,مهاجر,noun,hjr|هجر,,,"{""source"": ""qul_word_lemma"", ""word_location"": ""59:8:2""}",2026-01-31 13:11:22,
7463b3a3569569d73a9da43b6973dd9ab6cc9831078e04090ea27bb5f24bc91d,ساحر|noun,سَٰحِر,ساحر,noun,sHr|سحر,,,"{""source"": ""qul_word_lemma"", ""word_location"": ""20:70:2""}",2026-01-31 13:11:22,
f4f7ca31e96ab9bca7dcfc46315f5b52baf70b16c1d43202374b051940397fc8,سرر|noun,سُرُر,سرر,noun,srr|سرر,,,"{""source"": ""qul_word_lemma"", ""word_location"": ""88:13:2""}",2026-01-31 13:11:22,
7aacad7f6fe83e124e15c60292dc9c69c99956c188497ec2550f8621601ad817,موسي|noun,مُوسَىٰ,موسي,noun,,,,"{""source"": ""qul_word_lemma"", ""word_location"": ""27:9:1""}",2026-01-31 13:11:22,
40eef4634a81e76d357cfdc1d7007d38a67536e7862737433fbc38861e6e1aea,عسره|noun,عُسْرَة,عسره,noun,Esr|عسر,,,"{""source"": ""qul_word_lemma"", ""word_location"": ""2:280:4""}",2026-01-31 13:11:22,
f38c87fea30d6d3a0800f5c54d5f7f8eb744feee3a1fe8ab82f7badd598e6082,عصيان|noun,عِصْيَان,عصيان,noun,ESy|عصي,,,"{""source"": ""qul_word_lemma"", ""word_location"": ""49:7:25""}",2026-01-31 13:11:22,
60a343b8039c3409bb8d980ec7f1a1543ff63e28aaf4c8d1808562cdcc9512ad,اطوار|noun,أَطْوَار,اطوار,noun,Twr|طور,,,"{""source"": ""qul_word_lemma"", ""word_location"": ""71:14:3""}",2026-01-31 13:11:22,
b77d97c35f4044b2810b98474038c84e1d3bfece9aefd0b11d3a90d88eea81f7,نمارق|noun,نَمَارِق,نمارق,noun,,,,"{""source"": ""qul_word_lemma"", ""word_location"": ""88:15:1""}",2026-01-31 13:11:22,
743258b519a9d7890df970a8ac38d05de65a508e6b32587d3aa7f98ce57fa375,يهبط|noun,يَهْبِطُ,يهبط,noun,hbT|هبط,,,"{""source"": ""qul_word_lemma"", ""word_location"": ""2:38:2""}",2026-01-31 13:11:22,
7c680559274dc86531e5054c9c453aacee2cccb0a6b5938f04ac3bb611c55b45,معدوده|noun,مَّعْدُودَة,معدوده,noun,Edd|عدد,,,"{""source"": ""qul_word_lemma"", ""word_location"": ""2:184:2""}",2026-01-31 13:11:22,
be6b90918f2653cfb0d957ff4aa77854cc2f8416a29501896b093e5436cb4e39,منهمر|noun,مُّنْهَمِر,منهمر,noun,hmr|همر,,,"{""source"": ""qul_word_lemma"", ""word_location"": ""54:11:5""}",2026-01-31 13:11:22,
8f2603508674bb7deefc0e44e241e6a5c82967001b8fd0a1238ebb5e4683f163,عمران|noun,عِمْرَٰن,عمران,noun,,,,"{""source"": ""qul_word_lemma"", ""word_location"": ""66:12:3""}",2026-01-31 13:11:22,
1f583ebc38c662ac987d00e1a6f0dfde0ba1e6d35131540791493722f460e931,روم|noun,رُّوم,روم,noun,,,,"{""source"": ""qul_word_lemma"", ""word_location"": ""30:2:2""}",2026-01-31 13:11:22,
7339a3ce3ec34394df278e57fb28bd80eb3ed53223e0024c82c56c0941feb311,سليمان|noun,سُلَيْمَٰن,سليمان,noun,,,,"{""source"": ""qul_word_lemma"", ""word_location"": ""21:81:1""}",2026-01-31 13:11:22,
13b5a2665403e89af16f3692cbabfb41e0300fdaea96b40dcfbb30ea3d7df8af,فطرت|noun,فِطْرَت,فطرت,noun,fTr|فطر,,,"{""source"": ""qul_word_lemma"", ""word_location"": ""30:30:5""}",2026-01-31 13:11:22,
28c748020f5f530b838fe5371cb556a793396d86a3d6d0131a33bd1af5d4cc91,ياقوت|noun,يَاقُوت,ياقوت,noun,,,,"{""source"": ""qul_word_lemma"", ""word_location"": ""55:58:2""}",2026-01-31 13:11:22,
99b22ba7edcc8b953b268e898cac45428956b06f893f484b0a028ecf36c6e809,زرابي|noun,زَرَابِىّ,زرابي,noun,,,,"{""source"": ""qul_word_lemma"", ""word_location"": ""88:16:1""}",2026-01-31 13:11:22,
9da48929de94b40eb169daf687d9258c26fe61b4cc3411faac032640e1eb3a61,عدن|noun,عَدْن,عدن,noun,,,,"{""source"": ""qul_word_lemma"", ""word_location"": ""35:33:2""}",2026-01-31 13:11:22,
20afa8e5734fdc35801e2071fbb434d9753228587e3bee98f2b8be55becdb522,صبغ|noun,صِبْغ,صبغ,noun,Sbg|صبغ,,,"{""source"": ""qul_word_lemma"", ""word_location"": ""23:20:8""}",2026-01-31 13:11:22,
92c8fa3a51b825a36bda0bca0e0a090de5881a56cb436f9d2ca9a1919194d997,محصنات|noun,مُحْصَنَٰت,محصنات,noun,HSn|حصن,,,"{""source"": ""qul_word_lemma"", ""word_location"": ""4:24:1""}",2026-01-31 13:11:22,
fc12b51afbc98b4dc61d0338c7e7f9b3b2b01ab71cfe6ed39dbe9f96d44187cc,انتصر|noun,انتَصَرَ,انتصر,noun,nSr|نصر,,,"{""source"": ""qul_word_lemma"", ""word_location"": ""42:41:2""}",2026-01-31 13:11:22,
b0f547537f9e2dec55dbb8d9908bac0ce414929f9b97f346de5d970cc5ff068e,ايوب|noun,أَيُّوب,ايوب,noun,,,,"{""source"": ""qul_word_lemma"", ""word_location"": ""21:83:1""}",2026-01-31 13:11:22,
819dc2601d7e7e21d98761a5a4cc22945b7e99b763536c9ee1e3169e2a3ec897,حسره|noun,حَسْرَة,حسره,noun,Hsr|حسر,,,"{""source"": ""qul_word_lemma"", ""word_location"": ""36:30:1""}",2026-01-31 13:11:22,
70220cf413e7ca119978fcfb9f2275a162951f48490f2fe018bd5a6ad8a75774,تنور|noun,تَّنُّور,تنور,noun,,,,"{""source"": ""qul_word_lemma"", ""word_location"": ""11:40:6""}",2026-01-31 13:11:22,
d3bbf570c40cfbcf2c519519725fed3ed816c2c0d001b9779b1c925a32cbc18e,صنوان|noun,صِنْوَان,صنوان,noun,Snw|صنو,,,"{""source"": ""qul_word_lemma"", ""word_location"": ""13:4:10""}",2026-01-31 13:11:22,
37c087a17fddef5f3caf145f7c1cdcb77b4f8d863686667335e2330d10baaac3,صاحب|noun,صَاحِب,صاحب,noun,SHb|صحب,,,"{""source"": ""qul_word_lemma"", ""word_location"": ""81:22:2""}",2026-01-31 13:11:22,
776b5728646eed403091fed346ddd26bb7dbb4fe76b417173feaa6bc6689873b,ما|noun,مَا,ما,noun,,,,"{""source"": ""qul_word_lemma"", ""word_location"": ""16:13:1""}",2026-01-31 13:11:22,
58604594048cd38fbf0ecbca27d389eb593e4b26140a2fed1db5c9c1fd966087,اسفار|noun,أَسْفَار,اسفار,noun,sfr|سفر,,,"{""source"": ""qul_word_lemma"", ""word_location"": ""34:19:5""}",2026-01-31 13:11:22,
b8153b975e746bcc4ca8fe923056319a08be14307bc2bf44b3709f5f82b83912,خسف|noun,خَسَفَ,خسف,noun,xsf|خسف,,,"{""source"": ""qul_word_lemma"", ""word_location"": ""28:81:1""}",2026-01-31 13:11:22,
d206b7eb6be0ab5779b8dc7e685f6fefb766e4624a19118de90ff16cc9f929ed,اظهر|noun,أَظْهَرَ,اظهر,noun,Zhr|ظهر,,,"{""source"": ""qul_word_lemma"", ""word_location"": ""72:26:4""}",2026-01-31 13:11:22,
2ddd9c60995e619d3ddaee489c2c81363cdf9a9336e52cbc3673c3f498ff4c8e,نصر|noun,نَصَرَ,نصر,noun,nSr|نصر,,,"{""source"": ""qul_word_lemma"", ""word_location"": ""48:3:1""}",2026-01-31 13:11:22,
cb7988e802250048b61626da4ef31761d01cdb19160c60077914d79e1a31d221,عضد|noun,عَضُد,عضد,noun,EDd|عضد,,,"{""source"": ""qul_word_lemma"", ""word_location"": ""28:35:3""}",2026-01-31 13:11:22,
1fa51bbe72dcd151a7c838d3acebfe03d50ab2fd99e0ab94a60f8841fc48f8f5,قصص|noun,قَصَص,قصص,noun,qSS|قصص,,,"{""source"": ""qul_word_lemma"", ""word_location"": ""3:62:4""}",2026-01-31 13:11:22,
07a94b18353786dad10930da8cb04e8b5ca651596ab11b2517c1044f1320efe9,سبا|noun,سَبَإ,سبا,noun,,,,"{""source"": ""qul_word_lemma"", ""word_location"": ""34:15:3""}",2026-01-31 13:11:22,
e16dc297fbdcdfaa34d582aeba9b0407c94bb96a35e4abccdd59afd4227fa91e,فريضه|noun,فَرِيضَة,فريضه,noun,frD|فرض,,,"{""source"": ""qul_word_lemma"", ""word_location"": ""2:237:10""}",2026-01-31 13:11:22,
908319d7cbd7a0be3180cb64f9b4999cbbeb81bc3a12e6d92b727700c3e7f471,سواع|noun,سُوَاع,سواع,noun,swE|سوع,,,"{""source"": ""qul_word_lemma"", ""word_location"": ""71:23:9""}",2026-01-31 13:11:22,
bd0ec8c719c51ed3cafb6b8c93c02c9eb944384d4bbf30cbb11213846a9a3893,حطمه|noun,حُطَمَة,حطمه,noun,HTm|حطم,,,"{""source"": ""qul_word_lemma"", ""word_location"": ""104:4:4""}",2026-01-31 13:11:22,
6539b5c934c0f63fa1383dac974fbd48f934deda38b6f16101dd56e8299aea02,اليسع|noun,الْيَسَعَ,اليسع,noun,,,,"{""source"": ""qul_word_lemma"", ""word_location"": ""6:86:2""}",2026-01-31 13:11:22,
0ade144162c4b4b914eafbb5d81678531a6fc02e3284975406836d5aa5ecea6b,منتصر|noun,مُّنتَصِر,منتصر,noun,nSr|نصر,,,"{""source"": ""qul_word_lemma"", ""word_location"": ""54:44:5""}",2026-01-31 13:11:22,
f0bb88a8d82e2d8590e5801de325d335b44e61957ce81286a90fb6d5db7babcc,اسرار|noun,إِسْرَار,اسرار,noun,srr|سرر,,,"{""source"": ""qul_word_lemma"", ""word_location"": ""71:9:7""}",2026-01-31 13:11:22,
175a7a58d16c1838697d4b0ea09c23b993a13d3bee3ef9f37dfeb3d9e69096e7,متبعون|noun,مُّتَّبَعُون,متبعون,noun,tbE|تبع,,,"{""source"": ""qul_word_lemma"", ""word_location"": ""44:23:5""}",2026-01-31 13:11:22,
7a6d1e1c9f107d23eda7949df9682c9bc0b539a539709e20607cf90f19546f45,مستور|noun,مَّسْتُور,مستور,noun,str|ستر,,,"{""source"": ""qul_word_lemma"", ""word_location"": ""17:45:12""}",2026-01-31 13:11:22,
df572c642f10d50ea174eeee501a718124e0110d175a97ca802d480b6dd20b27,صوم|noun,صَوْم,صوم,noun,Swm|صوم,,,"{""source"": ""qul_word_lemma"", ""word_location"": ""19:26:14""}",2026-01-31 13:11:22,
1a35941fc3e15e853f58a09c1eb9f3c76334b490a6f3f1d9066cb4a2407daaaa,تترا|noun,تَتْرَا,تترا,noun,wtr|وتر,,,"{""source"": ""qul_word_lemma"", ""word_location"": ""23:44:4""}",2026-01-31 13:11:22,
ab72103dc790eebca3b91537bd3385cfd9ba1d2a8d64b10b840ec30337d20611,مع|noun,مَع,مع,noun,,,,"{""source"": ""qul_word_lemma"", ""word_location"": ""94:5:2""}",2026-01-31 13:11:22,
132bf57ad46520afb98dc27d2548ab485cc2d6659fe4be998262f4aa0867dde5,مسبحون|noun,مُسَبِّحُون,مسبحون,noun,sbH|سبح,,,"{""source"": ""qul_word_lemma"", ""word_location"": ""37:166:3""}",2026-01-31 13:11:22,
1e4e1f9d391d95cbc4dc5227c6bea9e8c7f7e14dcfe9d1ea0c78c8a33c6320b0,عتل|noun,عُتُلّ,عتل,noun,Etl|عتل,,,"{""source"": ""qul_word_lemma"", ""word_location"": ""68:13:1""}",2026-01-31 13:11:22,
105a6b7ce888b9e2f99394d482f7a567570293d83b1fce6e43cc0bfdec4d8a4c,ذو|noun,ذُو,ذو,noun,,,,"{""source"": ""qul_word_lemma"", ""word_location"": ""81:20:1""}",2026-01-31 13:11:22,
89d804ca67a24ce3eb7ec74cb1c83059cd14bcbeb31b72823a8acde9f221aa19,منطق|noun,مَنطِق,منطق,noun,nTq|نطق,,,"{""source"": ""qul_word_lemma"", ""word_location"": ""27:16:8""}",2026-01-31 13:11:22,
6e715ac1741d65f56503c10006069becc4a989316252f17bcd4187355d19dd37,حاصب|noun,حَاصِب,حاصب,noun,HSb|حصب,,,"{""source"": ""qul_word_lemma"", ""word_location"": ""54:34:4""}",2026-01-31 13:11:22,
45a526a81a6608279c7175a5a5b74346f5a9e85f43ae122d9c4da4af813537d7,سوره|noun,سُورَة,سوره,noun,swr|سور,,,"{""source"": ""qul_word_lemma"", ""word_location"": ""24:1:1""}",2026-01-31 13:11:22,
4d77bcd498ca66a91de8ced177b7ac4930d1946d4d7a3a649efcdef936504907,قسوره|noun,قَسْوَرَة,قسوره,noun,qsr|قسر,,,"{""source"": ""qul_word_lemma"", ""word_location"": ""74:51:3""}",2026-01-31 13:11:22,
41b3580679aabf63e1886ab83fa96667c85d02ca522b770d5ab62512de115892,فارض|noun,فَارِض,فارض,noun,frD|فرض,,,"{""source"": ""qul_word_lemma"", ""word_location"": ""2:68:15""}",2026-01-31 13:11:22,
0692be0a5b199f3263838c0dd239e4c523c7ce4f310245e07b5f99372ab21a04,بعد ما|noun,بَعْدَ مَا,بعد ما,noun,bEd|بعد,,,"{""source"": ""qul_word_lemma"", ""word_location"": ""2:181:3""}",2026-01-31 13:11:22,
2c517bb091406cf8621406a2a9b65253cc0c89503fc07a803e52cc75daab7524,تاسر|noun,تَأْسِرُ,تاسر,noun,Asr|اسر,,,"{""source"": ""qul_word_lemma"", ""word_location"": ""33:26:15""}",2026-01-31 13:11:22,
4ba99f59cabcd4a2a1029f0c3859365ce6ebd7c644a74d52b07d1755773a5cb8,تعتد|noun,تَعْتَدُّ,تعتد,noun,Edd|عدد,,,"{""source"": ""qul_word_lemma"", ""word_location"": ""33:49:18""}",2026-01-31 13:11:22,
7c40a52d11d64749a11618a14139940cc802d4791520235929bd4ac80df46282,تحيد|noun,تَحِيدُ,تحيد,noun,Hyd|حيد,,,"{""source"": ""qul_word_lemma"", ""word_location"": ""50:19:9""}",2026-01-31 13:11:22,
8b2247206858c8de806c17a026683520e423ec2076e0e9bfa35411aa66e3b327,يتخبط|noun,يَتَخَبَّطُ,يتخبط,noun,xbT|خبط,,,"{""source"": ""qul_word_lemma"", ""word_location"": ""2:275:10""}",2026-01-31 13:11:22,
4f16caa21ed588e124f094674bcbab5eff68de910116ebf3fdadcd4bab0100c7,دمر|noun,دَمَّرَ,دمر,noun,dmr|دمر,,,"{""source"": ""qul_word_lemma"", ""word_location"": ""46:25:1""}",2026-01-31 13:11:22,
1a39c75cb2a43d2540e6710b50c5a63b9e0f128bb68f3dbeb1d75df025ceed1a,الياس|noun,إِلْيَاس,الياس,noun,,,,"{""source"": ""qul_word_lemma"", ""word_location"": ""37:123:2""}",2026-01-31 13:11:22,
